單字 (Word),詞性 (POS),中文翻譯 (Translation),例句 (Example),已背過 (Learned),Learned,Status,Appeared
growth,n.,生長,,FALSE,FALSE,,FALSE
guava,n.,番石榴,,FALSE,FALSE,,FALSE
guest,n.,客人,,FALSE,FALSE,,FALSE
gymnasium/gym,n.,體育館/體育館,,FALSE,FALSE,,FALSE
haircut,n.,理髮,,FALSE,FALSE,,FALSE
hall,n.,大廳,,FALSE,FALSE,,FALSE
hamburger/burger,n.,漢堡/漢堡,,FALSE,FALSE,,FALSE
handsome,adj.,英俊的,,FALSE,FALSE,,FALSE
hardly,adv.,幾乎不,,FALSE,FALSE,,FALSE
heaven,n.,天堂,,FALSE,FALSE,,FALSE
hero/heroine,n.,英雄/女主角,,FALSE,FALSE,,FALSE
highly,adv.,高度,,FALSE,FALSE,,FALSE
highway,n.,公路,,FALSE,FALSE,,FALSE
hip,n.,時髦的,,FALSE,FALSE,,FALSE
hippopotamus/hippo,n.,河馬,,FALSE,FALSE,,FALSE
historical,adj.,歷史的,,FALSE,FALSE,,FALSE
hole,n.,洞,,FALSE,FALSE,,FALSE
host/hostess,n.,男主人/女主人,,FALSE,FALSE,,FALSE
huge,adj.,巨大的,,FALSE,FALSE,,FALSE
humble,adj.,謙遜的,,FALSE,FALSE,,FALSE
hunter,n.,獵人,,FALSE,FALSE,,FALSE
identity,n.,身份,,FALSE,FALSE,,FALSE
ignore,v.,忽略,,FALSE,FALSE,,FALSE
image,n.,圖像,,FALSE,FALSE,,FALSE
imagine,v.,想像,,FALSE,FALSE,,FALSE
importance,n.,重要性,,FALSE,FALSE,,FALSE
impressive,adj.,感人的,,FALSE,FALSE,,FALSE
include,v.,包括,,FALSE,FALSE,,FALSE
material,n.,材料,,FALSE,FALSE,,FALSE
mature,adj.,成熟,,FALSE,FALSE,,FALSE
meaning,n.,意義,,FALSE,FALSE,,FALSE
means,n.,方法,,FALSE,FALSE,,FALSE
medical,adj.,醫療的,,FALSE,FALSE,,FALSE
melody,n.,旋律,,FALSE,FALSE,,FALSE
membership,n.,會員資格,,FALSE,FALSE,,FALSE
memory,n.,記憶,,FALSE,FALSE,,FALSE
message,n.,訊息,,FALSE,FALSE,,FALSE
meter,n.,儀表,,FALSE,FALSE,,FALSE
method,n.,方法,,FALSE,FALSE,,FALSE
midnight,n.,午夜,,FALSE,FALSE,,FALSE
mile,n.,英里,,FALSE,FALSE,,FALSE
minority,n.,少數民族,,FALSE,FALSE,,FALSE
mixture,n.,混合物,,FALSE,FALSE,,FALSE
mood,n.,情緒,,FALSE,FALSE,,FALSE
motion,n.,運動,,FALSE,FALSE,,FALSE
motorcycle,n.,摩托車,,FALSE,FALSE,,FALSE
mug,n.,馬克杯,,FALSE,FALSE,,FALSE
musician,n.,音樂家,,FALSE,FALSE,,FALSE
nail,n.,指甲,,FALSE,FALSE,,FALSE
nation,n.,國家,,FALSE,FALSE,,FALSE
natural,adj.,自然的,,FALSE,FALSE,,FALSE
naughty,adj.,淘氣,,FALSE,FALSE,,FALSE
nearly,adv.,幾乎,,FALSE,FALSE,,FALSE
necessary,adj.,必要的,,FALSE,FALSE,,FALSE
necklace,n.,項鍊,,FALSE,FALSE,,FALSE
needle,n.,針,,FALSE,FALSE,,FALSE
possibility,n.,可能性,,FALSE,FALSE,,FALSE
postcard,n.,明信片,,FALSE,FALSE,,FALSE
pound,n.,磅,,FALSE,FALSE,,FALSE
powerful,adj.,強大的,,FALSE,FALSE,,FALSE
pray,v.,祈禱,,FALSE,FALSE,,FALSE
prayer,n.,禱告,,FALSE,FALSE,,FALSE
prefer,v.,更喜歡,,FALSE,FALSE,,FALSE
president,n.,總統,,FALSE,FALSE,,FALSE
priest,n.,牧師,,FALSE,FALSE,,FALSE
primary,adj.,基本的,,FALSE,FALSE,,FALSE
prince/princess,n.,王子/公主,,FALSE,FALSE,,FALSE
principle,n.,原則,,FALSE,FALSE,,FALSE
printer,n.,印表機,,FALSE,FALSE,,FALSE
prison,n.,監獄,,FALSE,FALSE,,FALSE
prisoner,n.,囚犯,,FALSE,FALSE,,FALSE
private,adj.,私人的,,FALSE,FALSE,,FALSE
production,n.,生產,,FALSE,FALSE,,FALSE
project,n.,專案,,FALSE,FALSE,,FALSE
proper,adj.,恰當的,,FALSE,FALSE,,FALSE
propose,v.,提出,,FALSE,FALSE,,FALSE
protect,v.,保護,,FALSE,FALSE,,FALSE
protective,adj.,保護的,,FALSE,FALSE,,FALSE
prove,v.,證明,,FALSE,FALSE,,FALSE
provide,v.,提供,,FALSE,FALSE,,FALSE
pudding,n.,布丁,,FALSE,FALSE,,FALSE
pumpkin,n.,南瓜,,FALSE,FALSE,,FALSE
pupil,n.,瞳孔,,FALSE,FALSE,,FALSE
puppy,n.,小狗,,FALSE,FALSE,,FALSE
self,n.,自己,,FALSE,FALSE,,FALSE
selfish,adj.,自私,,FALSE,FALSE,,FALSE
sensitive,adj.,敏感的,,FALSE,FALSE,,FALSE
servant,n.,僕人,,FALSE,FALSE,,FALSE
serve,v.,服務,,FALSE,FALSE,,FALSE
sex,n.,性別,,FALSE,FALSE,,FALSE
shark,n.,鯊魚,,FALSE,FALSE,,FALSE
sheet,n.,床單,,FALSE,FALSE,,FALSE
shelf,n.,架子,,FALSE,FALSE,,FALSE
shell,n.,殼,,FALSE,FALSE,,FALSE
shopkeeper,n.,店主,,FALSE,FALSE,,FALSE
shore,n.,支撐,,FALSE,FALSE,,FALSE
shot,n.,射擊,,FALSE,FALSE,,FALSE
shy,adj.,害羞的,,FALSE,FALSE,,FALSE
sidewalk,n.,人行道,,FALSE,FALSE,,FALSE
silent,adj.,沉默的,,FALSE,FALSE,,FALSE
silly,adj.,愚蠢的,,FALSE,FALSE,,FALSE
similar,adj.,相似的,,FALSE,FALSE,,FALSE
simply,adv.,簡單地,,FALSE,FALSE,,FALSE
skill,n.,技能,,FALSE,FALSE,,FALSE
skilled,adj.,熟練,,FALSE,FALSE,,FALSE
skin,n.,皮膚,,FALSE,FALSE,,FALSE
sleepy,adj.,困,,FALSE,FALSE,,FALSE
slipper(s),n.,拖鞋）,,FALSE,FALSE,,FALSE
snail,n.,蝸牛,,FALSE,FALSE,,FALSE
technology,n.,技術,,FALSE,FALSE,,FALSE
teens,n.,青少年,,FALSE,FALSE,,FALSE
temperature,n.,溫度,,FALSE,FALSE,,FALSE
terrorism,n.,恐怖主義,,FALSE,FALSE,,FALSE
terrorist,adj.,恐怖分子,,FALSE,FALSE,,FALSE
text,n.,文字,,FALSE,FALSE,,FALSE
textbook,n.,教科書,,FALSE,FALSE,,FALSE
therefore,adv.,所以,,FALSE,FALSE,,FALSE
thief,n.,賊,,FALSE,FALSE,,FALSE
thirsty,adj.,渴,,FALSE,FALSE,,FALSE
thought,n.,想法,,FALSE,FALSE,,FALSE
thus,adv.,因此,,FALSE,FALSE,,FALSE
tiny,adj.,微小的,,FALSE,FALSE,,FALSE
tissue,n.,組織,,FALSE,FALSE,,FALSE
tofu,n.,豆腐,,FALSE,FALSE,,FALSE
tone,n.,語氣,,FALSE,FALSE,,FALSE
tongue,n.,舌頭,,FALSE,FALSE,,FALSE
toothache,n.,牙疼,,FALSE,FALSE,,FALSE
toothbrush,n.,牙刷,,FALSE,FALSE,,FALSE
toward/towards,prep.,朝向/朝向,,FALSE,FALSE,,FALSE
tradition,n.,傳統,,FALSE,FALSE,,FALSE
traditional,adj.,傳統的,,FALSE,FALSE,,FALSE
acceptable,adj.,可以接受,,FALSE,FALSE,,FALSE
accurate,adj.,準確的,,FALSE,FALSE,,FALSE
trial,n.,審判,,FALSE,FALSE,,FALSE
triangle,n.,三角形,,FALSE,FALSE,,FALSE
additional,adj.,額外的,,FALSE,FALSE,,FALSE
admire,v.,欽佩,,FALSE,FALSE,,FALSE
advanced,adj.,先進的,,FALSE,FALSE,,FALSE
advantage,n.,優勢,,FALSE,FALSE,,FALSE
adventure,n.,冒險,,FALSE,FALSE,,FALSE
advise,v.,建議,,FALSE,FALSE,,FALSE
adviser/advisor,n.,顧問/顧問,,FALSE,FALSE,,FALSE
afford,v.,買得起,,FALSE,FALSE,,FALSE
background,n.,背景,,FALSE,FALSE,,FALSE
agriculture,n.,農業,,FALSE,FALSE,,FALSE
bacon,n.,培根,,FALSE,FALSE,,FALSE
airline,n.,航空公司,,FALSE,FALSE,,FALSE
bacteria,n.,細菌,,FALSE,FALSE,,FALSE
alley,n.,胡同,,FALSE,FALSE,,FALSE
badly,adv.,嚴重地,,FALSE,FALSE,,FALSE
almond,n.,杏仁,,FALSE,FALSE,,FALSE
baggage,n.,行李,,FALSE,FALSE,,FALSE
alphabet,n.,字母,,FALSE,FALSE,,FALSE
bamboo,n.,竹子,,FALSE,FALSE,,FALSE
ambassador,n.,大使,,FALSE,FALSE,,FALSE
ambition,n.,志向,,FALSE,FALSE,,FALSE
banker,n.,銀行家,,FALSE,FALSE,,FALSE
ambulance,n.,救護車,,FALSE,FALSE,,FALSE
angel,n.,天使,,FALSE,FALSE,,FALSE
barely,adv.,僅僅,,FALSE,FALSE,,FALSE
barn,n.,穀倉,,FALSE,FALSE,,FALSE
anxious,adj.,焦慮的,,FALSE,FALSE,,FALSE
barrel,n.,桶,,FALSE,FALSE,,FALSE
anyhow,adv.,無論如何,,FALSE,FALSE,,FALSE
basement,n.,地下室,,FALSE,FALSE,,FALSE
apart,adv.,分開,,FALSE,FALSE,,FALSE
bay,n.,灣,,FALSE,FALSE,,FALSE
apologize,v.,道歉,,FALSE,FALSE,,FALSE
bead,n.,珠子,,FALSE,FALSE,,FALSE
approve,v.,批准,,FALSE,FALSE,,FALSE
beast,n.,獸,,FALSE,FALSE,,FALSE
apron,n.,圍裙,,FALSE,FALSE,,FALSE
beetle,n.,甲蟲,,FALSE,FALSE,,FALSE
armed,adj.,武裝的,,FALSE,FALSE,,FALSE
beneath,prep.,下面,,FALSE,FALSE,,FALSE
ash,n.,灰,,FALSE,FALSE,,FALSE
berry,n.,漿果,,FALSE,FALSE,,FALSE
aside,adv.,放在一邊,,FALSE,FALSE,,FALSE
assist,v.,協助,,FALSE,FALSE,,FALSE
assistant,n.,助手,,FALSE,FALSE,,FALSE
bind,v.,綁定,,FALSE,FALSE,,FALSE
assume,v.,認為,,FALSE,FALSE,,FALSE
bitter,adj.,苦的,,FALSE,FALSE,,FALSE
athlete,n.,運動員,,FALSE,FALSE,,FALSE
bleed,v.,流血,,FALSE,FALSE,,FALSE
attitude,n.,態度,,FALSE,FALSE,,FALSE
bless,v.,保佑,,FALSE,FALSE,,FALSE
attract,v.,吸引,,FALSE,FALSE,,FALSE
bloody,adj.,血腥,,FALSE,FALSE,,FALSE
attractive,adj.,吸引人的,,FALSE,FALSE,,FALSE
blouse,n.,女式襯衫,,FALSE,FALSE,,FALSE
career,n.,職業,,FALSE,FALSE,,FALSE
carpenter,n.,木匠,,FALSE,FALSE,,FALSE
carriage,n.,運輸,,FALSE,FALSE,,FALSE
casual,adj.,隨意的,,FALSE,FALSE,,FALSE
cattle,n.,牛,,FALSE,FALSE,,FALSE
champion,n.,冠軍,,FALSE,FALSE,,FALSE
cheek,n.,臉頰,,FALSE,FALSE,,FALSE
cheerful,adj.,快樂,,FALSE,FALSE,,FALSE
chest,n.,胸部,,FALSE,FALSE,,FALSE
chilly,adj.,寒冷,,FALSE,FALSE,,FALSE
chimney,n.,煙囪,,FALSE,FALSE,,FALSE
chin,n.,下巴,,FALSE,FALSE,,FALSE
cigarette,n.,捲菸,,FALSE,FALSE,,FALSE
cinema,n.,電影,,FALSE,FALSE,,FALSE
circus,n.,馬戲團,,FALSE,FALSE,,FALSE
citizen,n.,公民,,FALSE,FALSE,,FALSE
civil,adj.,民事,,FALSE,FALSE,,FALSE
clay,n.,黏土,,FALSE,FALSE,,FALSE
cleaner,n.,清潔工,,FALSE,FALSE,,FALSE
client,n.,客戶,,FALSE,FALSE,,FALSE
clinic,n.,診所,,FALSE,FALSE,,FALSE
closet,n.,壁櫥,,FALSE,FALSE,,FALSE
clothe,v.,衣服,,FALSE,FALSE,,FALSE
clue,n.,線索,,FALSE,FALSE,,FALSE
cock,n.,公雞,,FALSE,FALSE,,FALSE
cocktail,n.,雞尾酒,,FALSE,FALSE,,FALSE
coconut,n.,椰子,,FALSE,FALSE,,FALSE
dishonest,adj.,不誠實,,FALSE,FALSE,,FALSE
disk/disc,n.,磁盤/磁盤,,FALSE,FALSE,,FALSE
dizzy,adj.,暈眩的,,FALSE,FALSE,,FALSE
dolphin,n.,海豚,,FALSE,FALSE,,FALSE
donkey,n.,驢,,FALSE,FALSE,,FALSE
doubtful,adj.,疑,,FALSE,FALSE,,FALSE
doughnut,n.,油炸圈餅,,FALSE,FALSE,,FALSE
dragonfly,n.,蜻蜓,,FALSE,FALSE,,FALSE
dramatic,adj.,戲劇性,,FALSE,FALSE,,FALSE
drown,v.,淹死,,FALSE,FALSE,,FALSE
drugstore,n.,藥店,,FALSE,FALSE,,FALSE
dumb,adj.,啞的,,FALSE,FALSE,,FALSE
dumpling,n.,餃子,,FALSE,FALSE,,FALSE
eager,adj.,渴望的,,FALSE,FALSE,,FALSE
edit,v.,編輯,,FALSE,FALSE,,FALSE
editor,n.,編輯,,FALSE,FALSE,,FALSE
educate,v.,教育,,FALSE,FALSE,,FALSE
educational,adj.,教育性的,,FALSE,FALSE,,FALSE
efficient,adj.,高效的,,FALSE,FALSE,,FALSE
elderly,adj.,老年,,FALSE,FALSE,,FALSE
election,n.,選舉,,FALSE,FALSE,,FALSE
electricity,n.,電,,FALSE,FALSE,,FALSE
electronic,adj.,電子的,,FALSE,FALSE,,FALSE
element,n.,元素,,FALSE,FALSE,,FALSE
elevator,n.,電梯,,FALSE,FALSE,,FALSE
grasshopper,n.,蚱蜢,,FALSE,FALSE,,FALSE
grassy,adj.,長滿青草的,,FALSE,FALSE,,FALSE
greedy,adj.,貪婪的,,FALSE,FALSE,,FALSE
greenhouse,n.,溫室,,FALSE,FALSE,,FALSE
grocery,n.,雜貨店,,FALSE,FALSE,,FALSE
guidance,n.,指導,,FALSE,FALSE,,FALSE
gum,n.,膠,,FALSE,FALSE,,FALSE
hairdresser,n.,理髮師,,FALSE,FALSE,,FALSE
hallway,n.,門廳,,FALSE,FALSE,,FALSE
handful,n.,少數,,FALSE,FALSE,,FALSE
handkerchief,n.,手帕,,FALSE,FALSE,,FALSE
handy,adj.,便利,,FALSE,FALSE,,FALSE
hanger,n.,衣架,,FALSE,FALSE,,FALSE
harmful,adj.,有害,,FALSE,FALSE,,FALSE
hasty,adj.,倉促的,,FALSE,FALSE,,FALSE
hateful,adj.,可惡,,FALSE,FALSE,,FALSE
hay,n.,乾草,,FALSE,FALSE,,FALSE
headquarters,n.,總部,,FALSE,FALSE,,FALSE
heal,v.,癒合,,FALSE,FALSE,,FALSE
heater,n.,加熱器,,FALSE,FALSE,,FALSE
hell,n.,地獄,,FALSE,FALSE,,FALSE
helmet,n.,頭盔,,FALSE,FALSE,,FALSE
hesitate,v.,猶豫,,FALSE,FALSE,,FALSE
historian,n.,歷史學家,,FALSE,FALSE,,FALSE
historic,adj.,歷史性,,FALSE,FALSE,,FALSE
holder,n.,持有者,,FALSE,FALSE,,FALSE
leisure,n.,閒暇,,FALSE,FALSE,,FALSE
lemonade,n.,檸檬水,,FALSE,FALSE,,FALSE
leopard,n.,豹,,FALSE,FALSE,,FALSE
lettuce,n.,萵苣,,FALSE,FALSE,,FALSE
liberty,n.,自由,,FALSE,FALSE,,FALSE
lifetime,n.,壽命,,FALSE,FALSE,,FALSE
lighthouse,n.,燈塔,,FALSE,FALSE,,FALSE
lightning,n.,閃電,,FALSE,FALSE,,FALSE
lily,n.,百合,,FALSE,FALSE,,FALSE
limb,n.,肢,,FALSE,FALSE,,FALSE
lively,adj.,熱鬧,,FALSE,FALSE,,FALSE
loaf,n.,麵包,,FALSE,FALSE,,FALSE
lobby,n.,大堂,,FALSE,FALSE,,FALSE
locate,v.,定位,,FALSE,FALSE,,FALSE
location,n.,地點,,FALSE,FALSE,,FALSE
lollipop,n.,棒糖,,FALSE,FALSE,,FALSE
loose,adj.,鬆動的,,FALSE,FALSE,,FALSE
lord,n.,主,,FALSE,FALSE,,FALSE
loser,n.,失敗者,,FALSE,FALSE,,FALSE
lover,n.,情人,,FALSE,FALSE,,FALSE
luggage,n.,行李,,FALSE,FALSE,,FALSE
lung,n.,肺,,FALSE,FALSE,,FALSE
magical,adj.,神奇,,FALSE,FALSE,,FALSE
magician,n.,魔術師,,FALSE,FALSE,,FALSE
magnet,n.,磁鐵,,FALSE,FALSE,,FALSE
maid,n.,女傭,,FALSE,FALSE,,FALSE
majority,n.,多數,,FALSE,FALSE,,FALSE
mall,n.,購物中心,,FALSE,FALSE,,FALSE
mankind/humankind,n.,人類/人類,,FALSE,FALSE,,FALSE
marble,n.,大理石,,FALSE,FALSE,,FALSE
marker,n.,標記,,FALSE,FALSE,,FALSE
marvelous,adj.,奇妙,,FALSE,FALSE,,FALSE
mathematical,adj.,數學的,,FALSE,FALSE,,FALSE
mayor,n.,市長,,FALSE,FALSE,,FALSE
meadow,n.,草地,,FALSE,FALSE,,FALSE
pal,n.,朋友,,FALSE,FALSE,,FALSE
palace,n.,宮殿,,FALSE,FALSE,,FALSE
palm,n.,棕櫚,,FALSE,FALSE,,FALSE
pancake,n.,餅子,,FALSE,FALSE,,FALSE
paradise,n.,天堂,,FALSE,FALSE,,FALSE
passage,n.,通道,,FALSE,FALSE,,FALSE
passenger,n.,乘客,,FALSE,FALSE,,FALSE
passion,n.,熱情,,FALSE,FALSE,,FALSE
passport,n.,護照,,FALSE,FALSE,,FALSE
patience,n.,耐心,,FALSE,FALSE,,FALSE
pea,n.,豌豆,,FALSE,FALSE,,FALSE
peanut,n.,花生,,FALSE,FALSE,,FALSE
pearl,n.,珍珠,,FALSE,FALSE,,FALSE
penguin,n.,企鵝,,FALSE,FALSE,,FALSE
penny,n.,一分錢,,FALSE,FALSE,,FALSE
pepper,n.,胡椒,,FALSE,FALSE,,FALSE
perform,v.,履行,,FALSE,FALSE,,FALSE
performance,n.,表現,,FALSE,FALSE,,FALSE
permission,n.,允許,,FALSE,FALSE,,FALSE
persuade,v.,說服,,FALSE,FALSE,,FALSE
photographer,n.,攝影師,,FALSE,FALSE,,FALSE
pigeon,n.,鴿子,,FALSE,FALSE,,FALSE
pill,n.,丸,,FALSE,FALSE,,FALSE
pine,n.,松樹,,FALSE,FALSE,,FALSE
pineapple,n.,鳳梨,,FALSE,FALSE,,FALSE
pint,n.,品脫,,FALSE,FALSE,,FALSE
pit,n.,坑,,FALSE,FALSE,,FALSE
resist,v.,抵抗,,FALSE,FALSE,,FALSE
resource,n.,資源,,FALSE,FALSE,,FALSE
response,n.,回覆,,FALSE,FALSE,,FALSE
responsibility,n.,責任,,FALSE,FALSE,,FALSE
restrict,v.,限制,,FALSE,FALSE,,FALSE
reveal,v.,揭示,,FALSE,FALSE,,FALSE
ribbon,n.,絲帶,,FALSE,FALSE,,FALSE
ripe,adj.,成熟,,FALSE,FALSE,,FALSE
rob,v.,搶,,FALSE,FALSE,,FALSE
robbery,n.,搶劫,,FALSE,FALSE,,FALSE
robe,n.,長袍,,FALSE,FALSE,,FALSE
rocket,n.,火箭,,FALSE,FALSE,,FALSE
rotten,adj.,爛,,FALSE,FALSE,,FALSE
roughly,adv.,大致,,FALSE,FALSE,,FALSE
rug,n.,小地毯,,FALSE,FALSE,,FALSE
sack,n.,解僱,,FALSE,FALSE,,FALSE
sake,n.,清酒,,FALSE,FALSE,,FALSE
salary,n.,薪水,,FALSE,FALSE,,FALSE
satisfactory,adj.,滿意的,,FALSE,FALSE,,FALSE
sauce,n.,醬,,FALSE,FALSE,,FALSE
saucer,n.,碟子,,FALSE,FALSE,,FALSE
sausage,n.,香腸,,FALSE,FALSE,,FALSE
saving(s),n.,節省,,FALSE,FALSE,,FALSE
scale(s),n.,秤）,,FALSE,FALSE,,FALSE
scarce,adj.,稀缺,,FALSE,FALSE,,FALSE
scarf,n.,圍巾,,FALSE,FALSE,,FALSE
scary,adj.,可怕的,,FALSE,FALSE,,FALSE
scholar,n.,學者,,FALSE,FALSE,,FALSE
stomach,n.,胃,,FALSE,FALSE,,FALSE
stool,n.,凳子,,FALSE,FALSE,,FALSE
stormy,adj.,暴風雨的,,FALSE,FALSE,,FALSE
stove,n.,火爐,,FALSE,FALSE,,FALSE
strategy,n.,戰略,,FALSE,FALSE,,FALSE
straw,n.,稻草,,FALSE,FALSE,,FALSE
strength,n.,力量,,FALSE,FALSE,,FALSE
structure,n.,結構,,FALSE,FALSE,,FALSE
stubborn,adj.,固執的,,FALSE,FALSE,,FALSE
studio,n.,工作室,,FALSE,FALSE,,FALSE
substance,n.,物質,,FALSE,FALSE,,FALSE
subtract,v.,減去,,FALSE,FALSE,,FALSE
suburb,n.,市郊,,FALSE,FALSE,,FALSE
suffer,v.,遭受,,FALSE,FALSE,,FALSE
sufficient,adj.,充足的,,FALSE,FALSE,,FALSE
suicide,n.,自殺,,FALSE,FALSE,,FALSE
summary,n.,概括,,FALSE,FALSE,,FALSE
summit,n.,首腦,,FALSE,FALSE,,FALSE
surround,v.,環繞,,FALSE,FALSE,,FALSE
survivor,n.,倖存者,,FALSE,FALSE,,FALSE
suspicion,n.,懷疑,,FALSE,FALSE,,FALSE
swan,n.,天鵝,,FALSE,FALSE,,FALSE
swear,v.,發誓,,FALSE,FALSE,,FALSE
swift,adj.,迅速,,FALSE,FALSE,,FALSE
sword,n.,劍,,FALSE,FALSE,,FALSE
tablet,n.,藥片,,FALSE,FALSE,,FALSE
tailor,n.,裁縫,,FALSE,FALSE,,FALSE
vision,n.,想像,,FALSE,FALSE,,FALSE
vitamin,n.,維他命,,FALSE,FALSE,,FALSE
vivid,adj.,生動,,FALSE,FALSE,,FALSE
vocabulary,n.,詞彙,,FALSE,FALSE,,FALSE
volleyball,n.,排球,,FALSE,FALSE,,FALSE
volume,n.,體積,,FALSE,FALSE,,FALSE
voter,n.,選民,,FALSE,FALSE,,FALSE
wage(s),n.,工資,,FALSE,FALSE,,FALSE
wagon,n.,車皮,,FALSE,FALSE,,FALSE
warmth,n.,溫暖,,FALSE,FALSE,,FALSE
warn,v.,警告,,FALSE,FALSE,,FALSE
waterfall,n.,瀑布,,FALSE,FALSE,,FALSE
weaken,v.,削弱,,FALSE,FALSE,,FALSE
wealthy,adj.,富裕,,FALSE,FALSE,,FALSE
weapon,n.,武器,,FALSE,FALSE,,FALSE
web,n.,網絡,,FALSE,FALSE,,FALSE
wed,v.,結婚,,FALSE,FALSE,,FALSE
weep,v.,哭泣,,FALSE,FALSE,,FALSE
wheat,n.,小麥,,FALSE,FALSE,,FALSE
wicked,adj.,邪惡,,FALSE,FALSE,,FALSE
widen,v.,擴大,,FALSE,FALSE,,FALSE
wisdom,n.,智慧,,FALSE,FALSE,,FALSE
wrist,n.,手腕,,FALSE,FALSE,,FALSE
yolk,n.,蛋黃,,FALSE,FALSE,,FALSE
youngster,n.,青少年,,FALSE,FALSE,,FALSE
anniversary,n.,週年紀念日,,FALSE,FALSE,,FALSE
abandon,v.,放棄,,FALSE,FALSE,,FALSE
bald,adj.,禿,,FALSE,FALSE,,FALSE
ballet,n.,芭蕾舞,,FALSE,FALSE,,FALSE
barrier,n.,障礙,,FALSE,FALSE,,FALSE
basin,n.,盆地,,FALSE,FALSE,,FALSE
battery,n.,電池,,FALSE,FALSE,,FALSE
beggar,n.,乞丐,,FALSE,FALSE,,FALSE
behavior,n.,行為,,FALSE,FALSE,,FALSE
bin,n.,垃圾桶,,FALSE,FALSE,,FALSE
biography,n.,傳,,FALSE,FALSE,,FALSE
biology,n.,生物學,,FALSE,FALSE,,FALSE
blade,n.,刀刃,,FALSE,FALSE,,FALSE
blessing,n.,祝福,,FALSE,FALSE,,FALSE
bracelet,n.,手鐲,,FALSE,FALSE,,FALSE
bridegroom/groom,n.,新郎/新郎,,FALSE,FALSE,,FALSE
broke,adj.,壞了,,FALSE,FALSE,,FALSE
broom,n.,掃帚,,FALSE,FALSE,,FALSE
brutal,adj.,野蠻,,FALSE,FALSE,,FALSE
bulletin,n.,公告,,FALSE,FALSE,,FALSE
burglar,n.,竊賊,,FALSE,FALSE,,FALSE
cabinet,n.,內閣,,FALSE,FALSE,,FALSE
calculate,v.,計算,,FALSE,FALSE,,FALSE
calculation,n.,計算,,FALSE,FALSE,,FALSE
calorie,n.,卡路里,,FALSE,FALSE,,FALSE
candidate,n.,候選人,,FALSE,FALSE,,FALSE
cane,n.,甘蔗,,FALSE,FALSE,,FALSE
capacity,n.,容量,,FALSE,FALSE,,FALSE
capital(ism),n.,資本（主義）,,FALSE,FALSE,,FALSE
context,n.,情境,,FALSE,FALSE,,FALSE
continual,adj.,連續的,,FALSE,FALSE,,FALSE
continuous,adj.,連續的,,FALSE,FALSE,,FALSE
contribute,v.,貢獻,,FALSE,FALSE,,FALSE
contribution,n.,貢獻,,FALSE,FALSE,,FALSE
convenience,n.,方便,,FALSE,FALSE,,FALSE
convention,n.,習俗,,FALSE,FALSE,,FALSE
conventional,adj.,傳統的,,FALSE,FALSE,,FALSE
converse,v.,交談,,FALSE,FALSE,,FALSE
convey,v.,傳達,,FALSE,FALSE,,FALSE
convince,v.,說服,,FALSE,FALSE,,FALSE
cooperate,v.,合作,,FALSE,FALSE,,FALSE
cooperation,n.,合作,,FALSE,FALSE,,FALSE
cope,v.,應付,,FALSE,FALSE,,FALSE
cord,n.,繩索,,FALSE,FALSE,,FALSE
correspond,v.,對應,,FALSE,FALSE,,FALSE
costume,n.,戲服,,FALSE,FALSE,,FALSE
cottage,n.,小屋,,FALSE,FALSE,,FALSE
council,n.,理事會,,FALSE,FALSE,,FALSE
courageous,adj.,勇敢,,FALSE,FALSE,,FALSE
courtesy,n.,禮貌,,FALSE,FALSE,,FALSE
coward,n.,懦夫,,FALSE,FALSE,,FALSE
craft,n.,工藝,,FALSE,FALSE,,FALSE
creation,n.,創建,,FALSE,FALSE,,FALSE
creativity,n.,創造力,,FALSE,FALSE,,FALSE
creep,v.,蠕變,,FALSE,FALSE,,FALSE
critic,n.,評論家,,FALSE,FALSE,,FALSE
critical,adj.,批判的,,FALSE,FALSE,,FALSE
criticism,n.,批評,,FALSE,FALSE,,FALSE
criticize,v.,批評,,FALSE,FALSE,,FALSE
cruelty,n.,殘酷,,FALSE,FALSE,,FALSE
crunchy,adj.,脆脆的,,FALSE,FALSE,,FALSE
dusty,adj.,塵土飛揚的,,FALSE,FALSE,,FALSE
dynamic,adj.,動態的,,FALSE,FALSE,,FALSE
dynasty,n.,王朝,,FALSE,FALSE,,FALSE
earphone,n.,耳機,,FALSE,FALSE,,FALSE
economic,adj.,經濟的,,FALSE,FALSE,,FALSE
economical,adj.,經濟,,FALSE,FALSE,,FALSE
economics,n.,經濟學,,FALSE,FALSE,,FALSE
economist,n.,經濟學家,,FALSE,FALSE,,FALSE
economy,n.,經濟,,FALSE,FALSE,,FALSE
efficiency,n.,效率,,FALSE,FALSE,,FALSE
electronics,n.,電子產品,,FALSE,FALSE,,FALSE
elegant,adj.,優雅的,,FALSE,FALSE,,FALSE
elementary,adj.,初級,,FALSE,FALSE,,FALSE
eliminate,v.,排除,,FALSE,FALSE,,FALSE
elsewhere,adv.,別處,,FALSE,FALSE,,FALSE
embassy,n.,大使館,,FALSE,FALSE,,FALSE
emerge,v.,出現,,FALSE,FALSE,,FALSE
emphasis,n.,強調,,FALSE,FALSE,,FALSE
empire,n.,帝國,,FALSE,FALSE,,FALSE
enclose,v.,括,,FALSE,FALSE,,FALSE
endanger,v.,危害,,FALSE,FALSE,,FALSE
endure,v.,忍受,,FALSE,FALSE,,FALSE
engineering,n.,工程,,FALSE,FALSE,,FALSE
enormous,adj.,巨大的,,FALSE,FALSE,,FALSE
ensure,v.,確保,,FALSE,FALSE,,FALSE
enthusiasm,n.,熱情,,FALSE,FALSE,,FALSE
equality,n.,平等,,FALSE,FALSE,,FALSE
era,n.,時代,,FALSE,FALSE,,FALSE
genuine,adj.,真的,,FALSE,FALSE,,FALSE
germ,n.,胚芽,,FALSE,FALSE,,FALSE
gifted,adj.,天才,,FALSE,FALSE,,FALSE
gigantic,adj.,巨大,,FALSE,FALSE,,FALSE
ginger,n.,姜,,FALSE,FALSE,,FALSE
globe,n.,地球,,FALSE,FALSE,,FALSE
glorious,adj.,輝煌,,FALSE,FALSE,,FALSE
goods,n.,商品,,FALSE,FALSE,,FALSE
gown,n.,袍,,FALSE,FALSE,,FALSE
graceful,adj.,優美,,FALSE,FALSE,,FALSE
gracious,adj.,親切,,FALSE,FALSE,,FALSE
graduation,n.,畢業,,FALSE,FALSE,,FALSE
grammar,n.,文法,,FALSE,FALSE,,FALSE
grammatical,adj.,語法的,,FALSE,FALSE,,FALSE
grateful,adj.,感激的,,FALSE,FALSE,,FALSE
gratitude,n.,感激,,FALSE,FALSE,,FALSE
greasy,adj.,膩,,FALSE,FALSE,,FALSE
greeting(s),n.,問候）,,FALSE,FALSE,,FALSE
grief,n.,悲傷,,FALSE,FALSE,,FALSE
guardian,n.,監護人,,FALSE,FALSE,,FALSE
guilt,n.,有罪,,FALSE,FALSE,,FALSE
guilty,adj.,有罪的,,FALSE,FALSE,,FALSE
gulf,n.,海灣,,FALSE,FALSE,,FALSE
habitual,adj.,習慣性的,,FALSE,FALSE,,FALSE
handwriting,n.,手寫,,FALSE,FALSE,,FALSE
hardship,n.,困難,,FALSE,FALSE,,FALSE
hardware,n.,硬體,,FALSE,FALSE,,FALSE
harmony,n.,和諧,,FALSE,FALSE,,FALSE
harsh,adj.,殘酷的,,FALSE,FALSE,,FALSE
haste,n.,匆忙,,FALSE,FALSE,,FALSE
hasten,v.,趨,,FALSE,FALSE,,FALSE
hatred,n.,仇恨,,FALSE,FALSE,,FALSE
invention,n.,發明,,FALSE,FALSE,,FALSE
investigation,n.,調查,,FALSE,FALSE,,FALSE
isolate,v.,隔離,,FALSE,FALSE,,FALSE
isolation,n.,隔離,,FALSE,FALSE,,FALSE
jealousy,n.,妒忌,,FALSE,FALSE,,FALSE
keen,adj.,敏銳的,,FALSE,FALSE,,FALSE
kettle,n.,壺,,FALSE,FALSE,,FALSE
kneel,v.,下跪,,FALSE,FALSE,,FALSE
knob,n.,旋鈕,,FALSE,FALSE,,FALSE
laboratory/lab,n.,實驗室/實驗室,,FALSE,FALSE,,FALSE
landmark,n.,地標,,FALSE,FALSE,,FALSE
largely,adv.,很大程度上,,FALSE,FALSE,,FALSE
lawful,adj.,合法的,,FALSE,FALSE,,FALSE
learned,adj.,學到了,,FALSE,FALSE,,FALSE
lecturer,n.,講師,,FALSE,FALSE,,FALSE
legend,n.,傳奇,,FALSE,FALSE,,FALSE
lengthen,v.,加長,,FALSE,FALSE,,FALSE
liar,n.,說謊者,,FALSE,FALSE,,FALSE
librarian,n.,圖書管理員,,FALSE,FALSE,,FALSE
lifeguard,n.,救生員,,FALSE,FALSE,,FALSE
limitation,n.,局限性,,FALSE,FALSE,,FALSE
linen,n.,亞麻布,,FALSE,FALSE,,FALSE
lipstick,n.,口紅,,FALSE,FALSE,,FALSE
liquor,n.,酒,,FALSE,FALSE,,FALSE
literary,adj.,文學的,,FALSE,FALSE,,FALSE
literature,n.,文學,,FALSE,FALSE,,FALSE
lobster,n.,龍蝦,,FALSE,FALSE,,FALSE
logic,n.,邏輯,,FALSE,FALSE,,FALSE
obstacle,n.,障礙,,FALSE,FALSE,,FALSE
obtain,v.,獲得,,FALSE,FALSE,,FALSE
occasional,adj.,偶然,,FALSE,FALSE,,FALSE
occupation,n.,職業,,FALSE,FALSE,,FALSE
occupy,v.,佔據,,FALSE,FALSE,,FALSE
offend,v.,得罪,,FALSE,FALSE,,FALSE
offense,n.,罪行,,FALSE,FALSE,,FALSE
offensive,adj.,進攻,,FALSE,FALSE,,FALSE
opera,n.,歌劇,,FALSE,FALSE,,FALSE
oppose,v.,反對,,FALSE,FALSE,,FALSE
option,n.,選項,,FALSE,FALSE,,FALSE
orchestra,n.,樂隊,,FALSE,FALSE,,FALSE
orientation,n.,方向,,FALSE,FALSE,,FALSE
otherwise,adv.,否則,,FALSE,FALSE,,FALSE
outcome,n.,結果,,FALSE,FALSE,,FALSE
outstanding,adj.,傑出的,,FALSE,FALSE,,FALSE
overcoat,n.,大衣,,FALSE,FALSE,,FALSE
overcome,v.,克服,,FALSE,FALSE,,FALSE
overlook,v.,俯瞰,,FALSE,FALSE,,FALSE
overthrow,v.,推翻,,FALSE,FALSE,,FALSE
oxygen,n.,氧,,FALSE,FALSE,,FALSE
panel,n.,控制板,,FALSE,FALSE,,FALSE
paragraph,n.,段落,,FALSE,FALSE,,FALSE
partial,adj.,部分的,,FALSE,FALSE,,FALSE
participation,n.,參與,,FALSE,FALSE,,FALSE
partnership,n.,合夥,,FALSE,FALSE,,FALSE
passive,adj.,被動的,,FALSE,FALSE,,FALSE
pasta,n.,義大利麵,,FALSE,FALSE,,FALSE
peculiar,adj.,奇特,,FALSE,FALSE,,FALSE
penalty,n.,懲罰,,FALSE,FALSE,,FALSE
percent,n.,百分比,,FALSE,FALSE,,FALSE
reception,n.,接待,,FALSE,FALSE,,FALSE
recipe,n.,食譜,,FALSE,FALSE,,FALSE
recognition,n.,認出,,FALSE,FALSE,,FALSE
recovery,n.,恢復,,FALSE,FALSE,,FALSE
recreation,n.,娛樂,,FALSE,FALSE,,FALSE
recycle,v.,回收,,FALSE,FALSE,,FALSE
reduction,n.,減少,,FALSE,FALSE,,FALSE
refer,v.,參考,,FALSE,FALSE,,FALSE
reference,n.,參考,,FALSE,FALSE,,FALSE
reflect,v.,反映,,FALSE,FALSE,,FALSE
reflection,n.,反射,,FALSE,FALSE,,FALSE
refugee,n.,難民,,FALSE,FALSE,,FALSE
refusal,n.,拒絕,,FALSE,FALSE,,FALSE
regarding,prep.,關於,,FALSE,FALSE,,FALSE
registration,n.,登記,,FALSE,FALSE,,FALSE
regulate,v.,調節,,FALSE,FALSE,,FALSE
regulation,n.,規定,,FALSE,FALSE,,FALSE
rejection,n.,拒絕,,FALSE,FALSE,,FALSE
relaxation,n.,鬆弛,,FALSE,FALSE,,FALSE
relevant,adj.,相關的,,FALSE,FALSE,,FALSE
relieve,v.,緩解,,FALSE,FALSE,,FALSE
reluctant,adj.,不情願的,,FALSE,FALSE,,FALSE
remarkable,adj.,卓越,,FALSE,FALSE,,FALSE
renew,v.,更新,,FALSE,FALSE,,FALSE
repetition,n.,重複,,FALSE,FALSE,,FALSE
representation,n.,表示,,FALSE,FALSE,,FALSE
reputation,n.,名聲,,FALSE,FALSE,,FALSE
researcher,n.,研究員,,FALSE,FALSE,,FALSE
resemble,v.,類似,,FALSE,FALSE,,FALSE
reservation,n.,預訂,,FALSE,FALSE,,FALSE
resign,v.,辭職,,FALSE,FALSE,,FALSE
sue,v.,起訴,,FALSE,FALSE,,FALSE
suggestion,n.,建議,,FALSE,FALSE,,FALSE
abnormal,adj.,異常,,FALSE,FALSE,,FALSE
summarize,v.,總結,,FALSE,FALSE,,FALSE
abolish,v.,取消,,FALSE,FALSE,,FALSE
surgeon,n.,外科醫生,,FALSE,FALSE,,FALSE
abortion,n.,流產,,FALSE,FALSE,,FALSE
surgery,n.,手術,,FALSE,FALSE,,FALSE
abrupt,adj.,突然的,,FALSE,FALSE,,FALSE
absurd,adj.,荒誕,,FALSE,FALSE,,FALSE
surroundings,n.,周圍環境,,FALSE,FALSE,,FALSE
abundant,adj.,豐富,,FALSE,FALSE,,FALSE
suspicious,adj.,可疑的,,FALSE,FALSE,,FALSE
accelerate,v.,加速,,FALSE,FALSE,,FALSE
syllable,n.,音節,,FALSE,FALSE,,FALSE
accessible,adj.,無障礙,,FALSE,FALSE,,FALSE
sympathetic,adj.,富有同情心的,,FALSE,FALSE,,FALSE
accommodate,v.,容納,,FALSE,FALSE,,FALSE
sympathy,n.,同情,,FALSE,FALSE,,FALSE
accommodation,n.,住宿,,FALSE,FALSE,,FALSE
systematic,adj.,系統的,,FALSE,FALSE,,FALSE
technician,n.,技術員,,FALSE,FALSE,,FALSE
accounting,n.,會計,,FALSE,FALSE,,FALSE
technological,adj.,技術性的,,FALSE,FALSE,,FALSE
telescope,n.,望遠鏡,,FALSE,FALSE,,FALSE
tendency,n.,趨勢,,FALSE,FALSE,,FALSE
tension,n.,緊張,,FALSE,FALSE,,FALSE
terror,n.,恐怖,,FALSE,FALSE,,FALSE
theme,n.,主題,,FALSE,FALSE,,FALSE
thorough,adj.,徹底,,FALSE,FALSE,,FALSE
thoughtful,adj.,周到,,FALSE,FALSE,,FALSE
timetable,n.,時間表,,FALSE,FALSE,,FALSE
timid,adj.,膽小,,FALSE,FALSE,,FALSE
tolerable,adj.,可以忍受的,,FALSE,FALSE,,FALSE
tolerance,n.,寬容,,FALSE,FALSE,,FALSE
tolerant,adj.,寬容,,FALSE,FALSE,,FALSE
tolerate,v.,容忍,,FALSE,FALSE,,FALSE
tomb,n.,墓,,FALSE,FALSE,,FALSE
tortoise,n.,龜,,FALSE,FALSE,,FALSE
tragedy,n.,悲劇,,FALSE,FALSE,,FALSE
tragic,adj.,悲慘,,FALSE,FALSE,,FALSE
transform,v.,轉換,,FALSE,FALSE,,FALSE
translate,v.,翻譯,,FALSE,FALSE,,FALSE
alter,v.,改變,,FALSE,FALSE,,FALSE
amend,v.,修正,,FALSE,FALSE,,FALSE
ample,adj.,充足,,FALSE,FALSE,,FALSE
analyst,n.,分析師,,FALSE,FALSE,,FALSE
anonymous,adj.,匿名的,,FALSE,FALSE,,FALSE
anticipate,v.,預料,,FALSE,FALSE,,FALSE
applause,n.,掌聲,,FALSE,FALSE,,FALSE
appliance,n.,器具,,FALSE,FALSE,,FALSE
apt,adj.,易於,,FALSE,FALSE,,FALSE
architect,n.,建築師,,FALSE,FALSE,,FALSE
architecture,n.,建築學,,FALSE,FALSE,,FALSE
arena,n.,競技場,,FALSE,FALSE,,FALSE
arouse,v.,引起,,FALSE,FALSE,,FALSE
array,n.,大批,,FALSE,FALSE,,FALSE
arrogant,adj.,傲慢的,,FALSE,FALSE,,FALSE
ass,n.,屁股,,FALSE,FALSE,,FALSE
assert,v.,斷言,,FALSE,FALSE,,FALSE
asset,n.,資產,,FALSE,FALSE,,FALSE
assumption,n.,假設,,FALSE,FALSE,,FALSE
athletics,n.,競技,,FALSE,FALSE,,FALSE
attendance,n.,出席率,,FALSE,FALSE,,FALSE
attic,n.,閣樓,,FALSE,FALSE,,FALSE
attorney,n.,律師,,FALSE,FALSE,,FALSE
attribute,v.,屬性,,FALSE,FALSE,,FALSE
authorize,v.,授權,,FALSE,FALSE,,FALSE
autonomy,n.,自治,,FALSE,FALSE,,FALSE
backyard,n.,後院,,FALSE,FALSE,,FALSE
banner,n.,橫幅,,FALSE,FALSE,,FALSE
comedian,n.,喜劇演員,,FALSE,FALSE,,FALSE
commentary,n.,評論,,FALSE,FALSE,,FALSE
commentator,n.,評論員,,FALSE,FALSE,,FALSE
commitment,n.,承諾,,FALSE,FALSE,,FALSE
commodity,n.,商品,,FALSE,FALSE,,FALSE
communism,n.,共產主義,,FALSE,FALSE,,FALSE
commute,v.,通勤,,FALSE,FALSE,,FALSE
commuter,n.,通勤者,,FALSE,FALSE,,FALSE
comparable,adj.,可比,,FALSE,FALSE,,FALSE
compassion,n.,同情,,FALSE,FALSE,,FALSE
compassionate,adj.,富有同情心的,,FALSE,FALSE,,FALSE
compatible,adj.,相容的,,FALSE,FALSE,,FALSE
compel,v.,迫使,,FALSE,FALSE,,FALSE
compensate,v.,補償,,FALSE,FALSE,,FALSE
compensation,n.,賠償,,FALSE,FALSE,,FALSE
competence,n.,權限,,FALSE,FALSE,,FALSE
competent,adj.,勝任的,,FALSE,FALSE,,FALSE
complexity,n.,複雜,,FALSE,FALSE,,FALSE
compliance,n.,遵守,,FALSE,FALSE,,FALSE
complication,n.,並發症,,FALSE,FALSE,,FALSE
comply,v.,遵守,,FALSE,FALSE,,FALSE
comprehend,v.,理解,,FALSE,FALSE,,FALSE
comprehension,n.,理解,,FALSE,FALSE,,FALSE
comprise,v.,包括,,FALSE,FALSE,,FALSE
compulsory,adj.,強制性的,,FALSE,FALSE,,FALSE
conceal,v.,隱藏,,FALSE,FALSE,,FALSE
concede,v.,承認,,FALSE,FALSE,,FALSE
conceive,v.,構想,,FALSE,FALSE,,FALSE
conception,n.,概念,,FALSE,FALSE,,FALSE
condemn,v.,譴責,,FALSE,FALSE,,FALSE
confession,n.,懺悔,,FALSE,FALSE,,FALSE
descriptive,adj.,描述性的,,FALSE,FALSE,,FALSE
destination,n.,目的地,,FALSE,FALSE,,FALSE
destiny,n.,命運,,FALSE,FALSE,,FALSE
destructive,adj.,破壞性的,,FALSE,FALSE,,FALSE
devotion,n.,奉獻精神,,FALSE,FALSE,,FALSE
diagnose,v.,診斷,,FALSE,FALSE,,FALSE
diagnosis,n.,診斷,,FALSE,FALSE,,FALSE
dialect,n.,方言,,FALSE,FALSE,,FALSE
diameter,n.,直徑,,FALSE,FALSE,,FALSE
diaper,n.,尿布,,FALSE,FALSE,,FALSE
digestion,n.,消化,,FALSE,FALSE,,FALSE
dilemma,n.,困境,,FALSE,FALSE,,FALSE
dimension,n.,方面,,FALSE,FALSE,,FALSE
diminish,v.,減少,,FALSE,FALSE,,FALSE
diplomatic,adj.,外交,,FALSE,FALSE,,FALSE
directory,n.,目錄,,FALSE,FALSE,,FALSE
disapprove,v.,不贊成,,FALSE,FALSE,,FALSE
disclose,v.,透露,,FALSE,FALSE,,FALSE
disconnect,v.,斷開,,FALSE,FALSE,,FALSE
discourse,n.,話語,,FALSE,FALSE,,FALSE
discriminate,v.,辨析,,FALSE,FALSE,,FALSE
discrimination,n.,歧視,,FALSE,FALSE,,FALSE
disrupt,v.,擾亂,,FALSE,FALSE,,FALSE
dissolve,v.,溶解,,FALSE,FALSE,,FALSE
distinction,n.,區別,,FALSE,FALSE,,FALSE
distinctive,adj.,獨特的,,FALSE,FALSE,,FALSE
distract,v.,轉移,,FALSE,FALSE,,FALSE
doctrine,n.,教義,,FALSE,FALSE,,FALSE
domain,n.,領域,,FALSE,FALSE,,FALSE
donate,v.,捐,,FALSE,FALSE,,FALSE
donation,n.,捐款,,FALSE,FALSE,,FALSE
donor,n.,捐助者,,FALSE,FALSE,,FALSE
doorway,n.,門口,,FALSE,FALSE,,FALSE
dough,n.,麵團,,FALSE,FALSE,,FALSE
dreadful,adj.,可怕,,FALSE,FALSE,,FALSE
driveway,n.,車道,,FALSE,FALSE,,FALSE
franchise,n.,特許經營權,,FALSE,FALSE,,FALSE
fraud,n.,欺詐罪,,FALSE,FALSE,,FALSE
frontier,n.,邊境,,FALSE,FALSE,,FALSE
galaxy,n.,星系,,FALSE,FALSE,,FALSE
gathering,n.,採集,,FALSE,FALSE,,FALSE
generate,v.,產生,,FALSE,FALSE,,FALSE
generator,n.,發電機,,FALSE,FALSE,,FALSE
genetic,adj.,遺傳的,,FALSE,FALSE,,FALSE
genetics,n.,遺傳學,,FALSE,FALSE,,FALSE
genre,n.,類型,,FALSE,FALSE,,FALSE
gloomy,adj.,陰沉,,FALSE,FALSE,,FALSE
gorgeous,adj.,華麗的,,FALSE,FALSE,,FALSE
gravity,n.,重力,,FALSE,FALSE,,FALSE
greed,n.,貪婪,,FALSE,FALSE,,FALSE
grieve,v.,悲傷,,FALSE,FALSE,,FALSE
grim,adj.,嚴峻,,FALSE,FALSE,,FALSE
guideline,n.,指導方針,,FALSE,FALSE,,FALSE
habitat,n.,棲息地,,FALSE,FALSE,,FALSE
heir,n.,繼承人,,FALSE,FALSE,,FALSE
hence,adv.,因此,,FALSE,FALSE,,FALSE
herb,n.,草本植物,,FALSE,FALSE,,FALSE
heritage,n.,遺產,,FALSE,FALSE,,FALSE
hockey,n.,曲棍球,,FALSE,FALSE,,FALSE
honorable,adj.,光榮的,,FALSE,FALSE,,FALSE
hormone,n.,激素,,FALSE,FALSE,,FALSE
hostage,n.,人質,,FALSE,FALSE,,FALSE
hostile,adj.,敵對的,,FALSE,FALSE,,FALSE
mammal,n.,哺乳動物,,FALSE,FALSE,,FALSE
mandate,n.,授權,,FALSE,FALSE,,FALSE
manipulate,v.,操縱,,FALSE,FALSE,,FALSE
mansion,n.,大廈,,FALSE,FALSE,,FALSE
massive,adj.,大量的,,FALSE,FALSE,,FALSE
masterpiece,n.,傑作,,FALSE,FALSE,,FALSE
mattress,n.,床墊,,FALSE,FALSE,,FALSE
mechanism,n.,機制,,FALSE,FALSE,,FALSE
medication,n.,藥物,,FALSE,FALSE,,FALSE
mentor,n.,導師,,FALSE,FALSE,,FALSE
merge,v.,合併,,FALSE,FALSE,,FALSE
metaphor,n.,隱喻,,FALSE,FALSE,,FALSE
migration,n.,遷移,,FALSE,FALSE,,FALSE
milestone,n.,里程碑,,FALSE,FALSE,,FALSE
minimal,adj.,最小的,,FALSE,FALSE,,FALSE
minimize,v.,最小化,,FALSE,FALSE,,FALSE
mint,n.,薄荷,,FALSE,FALSE,,FALSE
mode,n.,模式,,FALSE,FALSE,,FALSE
modify,v.,調整,,FALSE,FALSE,,FALSE
molecule,n.,分子,,FALSE,FALSE,,FALSE
monopoly,n.,壟斷,,FALSE,FALSE,,FALSE
morality,n.,道德,,FALSE,FALSE,,FALSE
mortality,n.,死亡,,FALSE,FALSE,,FALSE
mortgage,n.,抵押,,FALSE,FALSE,,FALSE
motive,n.,動機,,FALSE,FALSE,,FALSE
municipal,adj.,市級,,FALSE,FALSE,,FALSE
muscular,adj.,肌肉發達的,,FALSE,FALSE,,FALSE
poetic,adj.,詩意的,,FALSE,FALSE,,FALSE
porch,n.,門廊,,FALSE,FALSE,,FALSE
portfolio,n.,文件夾,,FALSE,FALSE,,FALSE
practitioner,n.,實踐者,,FALSE,FALSE,,FALSE
precaution,n.,預防,,FALSE,FALSE,,FALSE
predator,n.,捕食者,,FALSE,FALSE,,FALSE
preference,n.,偏愛,,FALSE,FALSE,,FALSE
premature,adj.,過早的,,FALSE,FALSE,,FALSE
premise,n.,前提,,FALSE,FALSE,,FALSE
premium,n.,優質的,,FALSE,FALSE,,FALSE
prescribe,v.,規定,,FALSE,FALSE,,FALSE
prescription,n.,處方,,FALSE,FALSE,,FALSE
presidency,n.,總統職位,,FALSE,FALSE,,FALSE
presidential,adj.,總統,,FALSE,FALSE,,FALSE
presumably,adv.,想必,,FALSE,FALSE,,FALSE
presume,v.,怙,,FALSE,FALSE,,FALSE
prevail,v.,佔上風,,FALSE,FALSE,,FALSE
proclaim,v.,宣布,,FALSE,FALSE,,FALSE
productivity,n.,生產率,,FALSE,FALSE,,FALSE
profound,adj.,深刻的,,FALSE,FALSE,,FALSE
prohibit,v.,禁止,,FALSE,FALSE,,FALSE
projection,n.,投影,,FALSE,FALSE,,FALSE
prolong,v.,延長,,FALSE,FALSE,,FALSE
prone,adj.,易於,,FALSE,FALSE,,FALSE
propaganda,n.,宣傳,,FALSE,FALSE,,FALSE
prophet,n.,先知,,FALSE,FALSE,,FALSE
prosecution,n.,檢控,,FALSE,FALSE,,FALSE
province,n.,省,,FALSE,FALSE,,FALSE
scope,n.,範圍,,FALSE,FALSE,,FALSE
sector,n.,部門,,FALSE,FALSE,,FALSE
seminar,n.,研討會,,FALSE,FALSE,,FALSE
senator,n.,參議員,,FALSE,FALSE,,FALSE
sensation,n.,感覺,,FALSE,FALSE,,FALSE
sensitivity,n.,靈敏度,,FALSE,FALSE,,FALSE
sensor,n.,感應器,,FALSE,FALSE,,FALSE
sentiment,n.,情緒,,FALSE,FALSE,,FALSE
sentimental,adj.,多愁善感的,,FALSE,FALSE,,FALSE
series,n.,系列,,FALSE,FALSE,,FALSE
server,n.,伺服器,,FALSE,FALSE,,FALSE
session,n.,會議,,FALSE,FALSE,,FALSE
setting,n.,環境,,FALSE,FALSE,,FALSE
shareholder,n.,股東,,FALSE,FALSE,,FALSE
shatter,v.,粉碎,,FALSE,FALSE,,FALSE
sheriff,n.,警長,,FALSE,FALSE,,FALSE
shortage,n.,短缺,,FALSE,FALSE,,FALSE
sibling,n.,兄弟,,FALSE,FALSE,,FALSE
siege,n.,圍城,,FALSE,FALSE,,FALSE
skeleton,n.,骨骼,,FALSE,FALSE,,FALSE
skull,n.,顱骨,,FALSE,FALSE,,FALSE
slavery,n.,奴隸制,,FALSE,FALSE,,FALSE
smog,n.,煙霧,,FALSE,FALSE,,FALSE
suspend,v.,暫停,,FALSE,FALSE,,FALSE
sustain,v.,維持,,FALSE,FALSE,,FALSE
sustainable,adj.,可持續的,,FALSE,FALSE,,FALSE
symbolic,adj.,象徵性的,,FALSE,FALSE,,FALSE
symptom,n.,症狀,,FALSE,FALSE,,FALSE
syndrome,n.,綜合症,,FALSE,FALSE,,FALSE
tackle,v.,處理,,FALSE,FALSE,,FALSE
tactic(s),n.,策略）,,FALSE,FALSE,,FALSE
tempt,v.,誘惑,,FALSE,FALSE,,FALSE
temptation,n.,誘惑,,FALSE,FALSE,,FALSE
terrify,v.,嚇壞,,FALSE,FALSE,,FALSE
testify,v.,作證,,FALSE,FALSE,,FALSE
theft,n.,盜竊,,FALSE,FALSE,,FALSE
theology,n.,神學,,FALSE,FALSE,,FALSE
theoretical,adj.,理論的,,FALSE,FALSE,,FALSE
therapist,n.,治療師,,FALSE,FALSE,,FALSE
therapy,n.,治療,,FALSE,FALSE,,FALSE
thereby,adv.,從而,,FALSE,FALSE,,FALSE
thesis,n.,論文,,FALSE,FALSE,,FALSE
thigh,n.,大腿,,FALSE,FALSE,,FALSE
threshold,n.,臨界點,,FALSE,FALSE,,FALSE
thriller,n.,驚悚片,,FALSE,FALSE,,FALSE
thrive,v.,蓬勃發展,,FALSE,FALSE,,FALSE
throne,n.,王座,,FALSE,FALSE,,FALSE
tournament,n.,比賽,,FALSE,FALSE,,FALSE
toxic,adj.,有毒的,,FALSE,FALSE,,FALSE
trait,n.,特徵,,FALSE,FALSE,,FALSE
traitor,n.,叛徒,,FALSE,FALSE,,FALSE
worthwhile,adj.,值得的,,FALSE,FALSE,,FALSE
worthy,adj.,值得,,FALSE,FALSE,,FALSE
amplify,v.,放大,,FALSE,FALSE,,FALSE
abbreviate,v.,縮寫,,FALSE,FALSE,,FALSE
analogy,n.,類比,,FALSE,FALSE,,FALSE
abide,v.,遵守,,FALSE,FALSE,,FALSE
analytical,adj.,分析性的,,FALSE,FALSE,,FALSE
abound,v.,盛產,,FALSE,FALSE,,FALSE
abstraction,n.,抽象,,FALSE,FALSE,,FALSE
annoyance,n.,煩惱,,FALSE,FALSE,,FALSE
abundance,n.,豐富,,FALSE,FALSE,,FALSE
anthem,n.,國歌,,FALSE,FALSE,,FALSE
academy,n.,學院,,FALSE,FALSE,,FALSE
anticipation,n.,預期,,FALSE,FALSE,,FALSE
antonym,n.,反義詞,,FALSE,FALSE,,FALSE
accordance,n.,符合,,FALSE,FALSE,,FALSE
applaud,v.,鼓掌,,FALSE,FALSE,,FALSE
accordingly,adv.,因此,,FALSE,FALSE,,FALSE
applicable,adj.,適用的,,FALSE,FALSE,,FALSE
accountable,adj.,負責的,,FALSE,FALSE,,FALSE
apprentice,n.,學徒,,FALSE,FALSE,,FALSE
accumulate,v.,積累,,FALSE,FALSE,,FALSE
accumulation,n.,積累,,FALSE,FALSE,,FALSE
archaeology,n.,考古學,,FALSE,FALSE,,FALSE
accusation,n.,指控,,FALSE,FALSE,,FALSE
archive,n.,檔案,,FALSE,FALSE,,FALSE
accustom,v.,習慣,,FALSE,FALSE,,FALSE
acne,n.,粉刺,,FALSE,FALSE,,FALSE
ascend,v.,上升,,FALSE,FALSE,,FALSE
acre,n.,英畝,,FALSE,FALSE,,FALSE
aspire,v.,渴望,,FALSE,FALSE,,FALSE
adaptation,n.,適應,,FALSE,FALSE,,FALSE
assassinate,v.,暗殺,,FALSE,FALSE,,FALSE
addiction,n.,癮,,FALSE,FALSE,,FALSE
asthma,n.,哮喘,,FALSE,FALSE,,FALSE
admiral,n.,上將,,FALSE,FALSE,,FALSE
adolescence,n.,青春期,,FALSE,FALSE,,FALSE
advisory,adj.,諮詢,,FALSE,FALSE,,FALSE
aesthetic,adj.,審美的,,FALSE,FALSE,,FALSE
affectionate,adj.,親熱,,FALSE,FALSE,,FALSE
affiliate,n.,附屬機構,,FALSE,FALSE,,FALSE
affirm,v.,確認,,FALSE,FALSE,,FALSE
airtight,adj.,密閉,,FALSE,FALSE,,FALSE
airway,n.,氣道,,FALSE,FALSE,,FALSE
algebra,n.,代數,,FALSE,FALSE,,FALSE
alienate,v.,離間,,FALSE,FALSE,,FALSE
align,v.,對齊,,FALSE,FALSE,,FALSE
calligraphy,n.,書法,,FALSE,FALSE,,FALSE
cape,n.,岬,,FALSE,FALSE,,FALSE
capsule,n.,膠囊,,FALSE,FALSE,,FALSE
captivity,n.,囚禁,,FALSE,FALSE,,FALSE
cardboard,n.,紙板,,FALSE,FALSE,,FALSE
carefree,adj.,暢快,,FALSE,FALSE,,FALSE
caretaker,n.,看門人,,FALSE,FALSE,,FALSE
carton,n.,紙盒,,FALSE,FALSE,,FALSE
cashier,n.,出納員,,FALSE,FALSE,,FALSE
casualty,n.,傷亡,,FALSE,FALSE,,FALSE
catastrophe,n.,災難,,FALSE,FALSE,,FALSE
cater,v.,迎合,,FALSE,FALSE,,FALSE
caterpillar,n.,毛蟲,,FALSE,FALSE,,FALSE
cavity,n.,空腔,,FALSE,FALSE,,FALSE
celery,n.,芹菜,,FALSE,FALSE,,FALSE
cellular,adj.,細胞的,,FALSE,FALSE,,FALSE
Celsius,n.,攝氏度,,FALSE,FALSE,,FALSE
census,n.,人口普查,,FALSE,FALSE,,FALSE
certify,v.,證明,,FALSE,FALSE,,FALSE
chairwoman,n.,女主席,,FALSE,FALSE,,FALSE
confederation,n.,聯盟,,FALSE,FALSE,,FALSE
champagne,n.,香檳酒,,FALSE,FALSE,,FALSE
charitable,adj.,慈善,,FALSE,FALSE,,FALSE
checkup,n.,清理,,FALSE,FALSE,,FALSE
chemist,n.,化學家,,FALSE,FALSE,,FALSE
chili,n.,辣椒,,FALSE,FALSE,,FALSE
chimpanzee,n.,黑猩猩,,FALSE,FALSE,,FALSE
cholesterol,n.,膽固醇,,FALSE,FALSE,,FALSE
cigar,n.,雪茄,,FALSE,FALSE,,FALSE
civilize,v.,教化,,FALSE,FALSE,,FALSE
clam,n.,蛤,,FALSE,FALSE,,FALSE
deplete,v.,消耗,,FALSE,FALSE,,FALSE
deprive,v.,剝奪,,FALSE,FALSE,,FALSE
descent,n.,血統,,FALSE,FALSE,,FALSE
despise,v.,鄙視,,FALSE,FALSE,,FALSE
destined,adj.,注定的,,FALSE,FALSE,,FALSE
detach,v.,分離,,FALSE,FALSE,,FALSE
detain,v.,扣留,,FALSE,FALSE,,FALSE
detention,n.,拘留,,FALSE,FALSE,,FALSE
deter,v.,阻止,,FALSE,FALSE,,FALSE
detergent,n.,洗滌劑,,FALSE,FALSE,,FALSE
devour,v.,吞食,,FALSE,FALSE,,FALSE
diabetes,n.,糖尿病,,FALSE,FALSE,,FALSE
dictate,v.,聽寫,,FALSE,FALSE,,FALSE
dictation,n.,聽寫,,FALSE,FALSE,,FALSE
dictator,n.,獨裁者,,FALSE,FALSE,,FALSE
dictatorship,n.,專政,,FALSE,FALSE,,FALSE
diesel,n.,柴油機,,FALSE,FALSE,,FALSE
differentiate,v.,區分,,FALSE,FALSE,,FALSE
diplomacy,n.,外交,,FALSE,FALSE,,FALSE
directive,n.,指示,,FALSE,FALSE,,FALSE
disable,v.,禁用,,FALSE,FALSE,,FALSE
disastrous,adj.,災難性的,,FALSE,FALSE,,FALSE
disbelief,n.,懷疑,,FALSE,FALSE,,FALSE
disciple,n.,弟子,,FALSE,FALSE,,FALSE
disciplinary,adj.,紀律處分,,FALSE,FALSE,,FALSE
disclosure,n.,披露,,FALSE,FALSE,,FALSE
discreet,adj.,慎重,,FALSE,FALSE,,FALSE
dispensable,adj.,可有可無的,,FALSE,FALSE,,FALSE
dispense,v.,分配,,FALSE,FALSE,,FALSE
disposal,n.,處理,,FALSE,FALSE,,FALSE
dispose,v.,處置,,FALSE,FALSE,,FALSE
dissent,n.,異議,,FALSE,FALSE,,FALSE
distraction,n.,分散注意力,,FALSE,FALSE,,FALSE
foe,n.,敵人,,FALSE,FALSE,,FALSE
folklore,n.,民俗學,,FALSE,FALSE,,FALSE
formidable,adj.,強大,,FALSE,FALSE,,FALSE
formulate,v.,制定,,FALSE,FALSE,,FALSE
forsake,v.,背叛,,FALSE,FALSE,,FALSE
forthcoming,adj.,即將推出,,FALSE,FALSE,,FALSE
fortify,v.,強化,,FALSE,FALSE,,FALSE
fowl,n.,雞,,FALSE,FALSE,,FALSE
fragrance,n.,香味,,FALSE,FALSE,,FALSE
fragrant,adj.,香,,FALSE,FALSE,,FALSE
frantic,adj.,瘋狂的,,FALSE,FALSE,,FALSE
freeway,n.,高速公路,,FALSE,FALSE,,FALSE
friction,n.,摩擦,,FALSE,FALSE,,FALSE
fury,n.,憤怒,,FALSE,FALSE,,FALSE
gangster,n.,流氓,,FALSE,FALSE,,FALSE
garment,n.,服裝,,FALSE,FALSE,,FALSE
geographical,adj.,地理的,,FALSE,FALSE,,FALSE
geometry,n.,幾何學,,FALSE,FALSE,,FALSE
glacier,n.,冰川,,FALSE,FALSE,,FALSE
glamorous,adj.,迷人的,,FALSE,FALSE,,FALSE
glamour,n.,魅力,,FALSE,FALSE,,FALSE
goalkeeper,n.,守門員,,FALSE,FALSE,,FALSE
goodwill,n.,善意,,FALSE,FALSE,,FALSE
gorilla,n.,大猩猩,,FALSE,FALSE,,FALSE
invariably,adv.,總是,,FALSE,FALSE,,FALSE
ironic,adj.,諷刺的,,FALSE,FALSE,,FALSE
irritable,adj.,煩躁的,,FALSE,FALSE,,FALSE
irritate,v.,刺激,,FALSE,FALSE,,FALSE
isle,n.,小島,,FALSE,FALSE,,FALSE
ivy,n.,常春藤,,FALSE,FALSE,,FALSE
jade,n.,玉,,FALSE,FALSE,,FALSE
janitor,n.,看門人,,FALSE,FALSE,,FALSE
jasmine,n.,茉莉花,,FALSE,FALSE,,FALSE
joyous,adj.,歡樂,,FALSE,FALSE,,FALSE
junction,n.,交界處,,FALSE,FALSE,,FALSE
kindle,v.,點燃,,FALSE,FALSE,,FALSE
knowledgeable,adj.,知識淵博的,,FALSE,FALSE,,FALSE
lad,n.,小伙子,,FALSE,FALSE,,FALSE
landlady,n.,房東,,FALSE,FALSE,,FALSE
landslide,n.,滑坡,,FALSE,FALSE,,FALSE
latitude,n.,緯度,,FALSE,FALSE,,FALSE
lavish,adj.,奢侈的,,FALSE,FALSE,,FALSE
layman,n.,外行,,FALSE,FALSE,,FALSE
layout,n.,佈局,,FALSE,FALSE,,FALSE
lease,n.,租,,FALSE,FALSE,,FALSE
legislator,n.,立法者,,FALSE,FALSE,,FALSE
lengthy,adj.,冗長,,FALSE,FALSE,,FALSE
lesbian,adj.,女同性戀,,FALSE,FALSE,,FALSE
lessen,v.,減少,,FALSE,FALSE,,FALSE
lethal,adj.,致命,,FALSE,FALSE,,FALSE
liable,adj.,容易,,FALSE,FALSE,,FALSE
liberate,v.,解放,,FALSE,FALSE,,FALSE
liberation,n.,解放,,FALSE,FALSE,,FALSE
lieutenant,n.,中尉,,FALSE,FALSE,,FALSE
lifelong,adj.,終身,,FALSE,FALSE,,FALSE
lighten,v.,減輕,,FALSE,FALSE,,FALSE
liner,n.,襯墊,,FALSE,FALSE,,FALSE
nostril,n.,鼻孔,,FALSE,FALSE,,FALSE
notorious,adj.,臭名昭著,,FALSE,FALSE,,FALSE
novice,n.,新手,,FALSE,FALSE,,FALSE
nucleus,n.,核,,FALSE,FALSE,,FALSE
oasis,n.,綠洲,,FALSE,FALSE,,FALSE
oath,n.,誓言,,FALSE,FALSE,,FALSE
oatmeal,n.,麥片,,FALSE,FALSE,,FALSE
oblige,v.,義務,,FALSE,FALSE,,FALSE
obsess,v.,纏住,,FALSE,FALSE,,FALSE
obstinate,adj.,頑固,,FALSE,FALSE,,FALSE
occurrence,n.,發生,,FALSE,FALSE,,FALSE
octopus,n.,章魚,,FALSE,FALSE,,FALSE
odor,n.,氣味,,FALSE,FALSE,,FALSE
offshore,adj.,離岸,,FALSE,FALSE,,FALSE
offspring,n.,後代,,FALSE,FALSE,,FALSE
operative,adj.,操作性的,,FALSE,FALSE,,FALSE
oppress,v.,壓迫,,FALSE,FALSE,,FALSE
oppression,n.,壓迫,,FALSE,FALSE,,FALSE
ordeal,n.,考驗,,FALSE,FALSE,,FALSE
organizer,n.,組織者,,FALSE,FALSE,,FALSE
originate,v.,起源,,FALSE,FALSE,,FALSE
orphanage,n.,孤兒院,,FALSE,FALSE,,FALSE
orthodox,adj.,正統,,FALSE,FALSE,,FALSE
ounce,n.,盎司,,FALSE,FALSE,,FALSE
outbreak,n.,爆發,,FALSE,FALSE,,FALSE
outgoing,adj.,外向的,,FALSE,FALSE,,FALSE
outing,n.,郊遊,,FALSE,FALSE,,FALSE
outlook,n.,前景,,FALSE,FALSE,,FALSE
outnumber,v.,數量多於,,FALSE,FALSE,,FALSE
outrageous,adj.,令人髮指的,,FALSE,FALSE,,FALSE
psychiatry,n.,精神病學,,FALSE,FALSE,,FALSE
psychic,adj.,精神,,FALSE,FALSE,,FALSE
psychotherapy,n.,心理治療,,FALSE,FALSE,,FALSE
publicize,v.,宣傳,,FALSE,FALSE,,FALSE
punctual,adj.,準時,,FALSE,FALSE,,FALSE
purify,v.,淨化,,FALSE,FALSE,,FALSE
purity,n.,純度,,FALSE,FALSE,,FALSE
qualification,n.,資質,,FALSE,FALSE,,FALSE
radioactive,adj.,放射性的,,FALSE,FALSE,,FALSE
radish,n.,蘿蔔,,FALSE,FALSE,,FALSE
radius,n.,半徑,,FALSE,FALSE,,FALSE
rap,n.,饒舌,,FALSE,FALSE,,FALSE
ratify,v.,批准,,FALSE,FALSE,,FALSE
realization,n.,實現,,FALSE,FALSE,,FALSE
reap,v.,收穫,,FALSE,FALSE,,FALSE
reckless,adj.,魯莽,,FALSE,FALSE,,FALSE
reckon,v.,估計,,FALSE,FALSE,,FALSE
reconcile,v.,調和,,FALSE,FALSE,,FALSE
recreational,adj.,休閒的,,FALSE,FALSE,,FALSE
redundancy,n.,冗餘,,FALSE,FALSE,,FALSE
reef,n.,礁,,FALSE,FALSE,,FALSE
referendum,n.,公投,,FALSE,FALSE,,FALSE
reflective,adj.,反光的,,FALSE,FALSE,,FALSE
refreshment(s),n.,茶點）,,FALSE,FALSE,,FALSE
refute,v.,反駁,,FALSE,FALSE,,FALSE
rehabilitate,v.,恢復,,FALSE,FALSE,,FALSE
rehearse,v.,排練,,FALSE,FALSE,,FALSE
rejoice,v.,麾,,FALSE,FALSE,,FALSE
relentless,adj.,狠,,FALSE,FALSE,,FALSE
reliance,n.,依賴,,FALSE,FALSE,,FALSE
sociable,adj.,善於交際,,FALSE,FALSE,,FALSE
socialism,n.,社會主義,,FALSE,FALSE,,FALSE
socialist,n.,社會主義者,,FALSE,FALSE,,FALSE
socialize,v.,社交,,FALSE,FALSE,,FALSE
sociology,n.,社會學,,FALSE,FALSE,,FALSE
solemn,adj.,莊嚴,,FALSE,FALSE,,FALSE
solidarity,n.,團結,,FALSE,FALSE,,FALSE
solitude,n.,孤獨,,FALSE,FALSE,,FALSE
soothe,v.,舒緩,,FALSE,FALSE,,FALSE
sorrowful,adj.,悲傷,,FALSE,FALSE,,FALSE
spacecraft/spaceship,n.,航天器/宇宙飛船,,FALSE,FALSE,,FALSE
sparrow,n.,麻雀,,FALSE,FALSE,,FALSE
spectacle,n.,奇觀,,FALSE,FALSE,,FALSE
splendor,n.,輝煌,,FALSE,FALSE,,FALSE
spokeswoman,n.,發言人,,FALSE,FALSE,,FALSE
superstitious,adj.,迷信的,,FALSE,FALSE,,FALSE
spontaneous,adj.,自發的,,FALSE,FALSE,,FALSE
n,n.,n,,FALSE,FALSE,,FALSE
sportsmanship,n.,體育精神,,FALSE,FALSE,,FALSE
surgical,adj.,外科,,FALSE,FALSE,,FALSE
surname,n.,姓,,FALSE,FALSE,,FALSE
surpass,v.,超過,,FALSE,FALSE,,FALSE
stabilize,v.,穩定,,FALSE,FALSE,,FALSE
suspense,n.,懸念,,FALSE,FALSE,,FALSE
suspension,n.,暫停,,FALSE,FALSE,,FALSE
starvation,n.,飢餓,,FALSE,FALSE,,FALSE
statesman,n.,政治家,,FALSE,FALSE,,FALSE
symbolize,v.,象徵,,FALSE,FALSE,,FALSE
stationary,adj.,固定式,,FALSE,FALSE,,FALSE
symmetry,n.,對稱,,FALSE,FALSE,,FALSE
stationery,n.,靜止的,,FALSE,FALSE,,FALSE
sympathize,v.,同情,,FALSE,FALSE,,FALSE
stature,n.,身材,,FALSE,FALSE,,FALSE
symphony,n.,交響樂,,FALSE,FALSE,,FALSE
statute,n.,法令,,FALSE,FALSE,,FALSE
synonym,n.,代名詞,,FALSE,FALSE,,FALSE
stepchild,n.,繼子女,,FALSE,FALSE,,FALSE
stepfather,n.,繼父,,FALSE,FALSE,,FALSE
syrup,n.,糖漿,,FALSE,FALSE,,FALSE
stepmother,n.,後媽,,FALSE,FALSE,,FALSE
stimulation,n.,刺激,,FALSE,FALSE,,FALSE
tedious,adj.,乏味,,FALSE,FALSE,,FALSE
strait,n.,海峽,,FALSE,FALSE,,FALSE
uprising,n.,起義,,FALSE,FALSE,,FALSE
upward,adj.,向上,,FALSE,FALSE,,FALSE
upward/upwards,adv.,向上/向上,,FALSE,FALSE,,FALSE
urgency,n.,緊迫性,,FALSE,FALSE,,FALSE
utensil,n.,用具,,FALSE,FALSE,,FALSE
vaccine,n.,疫苗,,FALSE,FALSE,,FALSE
vanilla,n.,香草,,FALSE,FALSE,,FALSE
vanity,n.,虛榮,,FALSE,FALSE,,FALSE
vapor,n.,汽,,FALSE,FALSE,,FALSE
versatile,adj.,多才多藝的,,FALSE,FALSE,,FALSE
veterinarian/vet,n.,獸醫/獸醫,,FALSE,FALSE,,FALSE
vibrate,v.,顫動,,FALSE,FALSE,,FALSE
vibration,n.,振動,,FALSE,FALSE,,FALSE
vice,n.,副,,FALSE,FALSE,,FALSE
victor,n.,勝利者,,FALSE,FALSE,,FALSE
vigor,n.,活力,,FALSE,FALSE,,FALSE
vigorous,adj.,蓬勃,,FALSE,FALSE,,FALSE
villa,n.,別墅,,FALSE,FALSE,,FALSE
villain,n.,惡棍,,FALSE,FALSE,,FALSE
vine,n.,藤,,FALSE,FALSE,,FALSE
vineyard,n.,葡萄園,,FALSE,FALSE,,FALSE
violinist,n.,小提琴家,,FALSE,FALSE,,FALSE
vitality,n.,活力,,FALSE,FALSE,,FALSE
vocation,n.,職業,,FALSE,FALSE,,FALSE
vocational,adj.,職業,,FALSE,FALSE,,FALSE
vowel,n.,元音,,FALSE,FALSE,,FALSE
walnut,n.,核桃,,FALSE,FALSE,,FALSE
wardrobe,n.,衣櫃,,FALSE,FALSE,,FALSE
warrant,n.,保證,,FALSE,FALSE,,FALSE
warranty,n.,保修單,,FALSE,FALSE,,FALSE
accidental,adj.,偶然,,FALSE,FALSE,,FALSE
a/an,art.,一個/一個,,FALSE,FALSE,,FALSE
ability,n.,能力,,FALSE,FALSE,,FALSE
able,adj.,有能力的,,FALSE,FALSE,,FALSE
accountant,n.,會計,,FALSE,FALSE,,FALSE
accuracy,n.,準確性,,FALSE,FALSE,,FALSE
abroad,adv.,國外,,FALSE,FALSE,,FALSE
accuse,v.,控,,FALSE,FALSE,,FALSE
absence,n.,缺席,,FALSE,FALSE,,FALSE
absolute,adj.,絕對,,FALSE,FALSE,,FALSE
absorb,v.,吸收,,FALSE,FALSE,,FALSE
abstract,adj.,抽象的,,FALSE,FALSE,,FALSE
acquaint,v.,認識,,FALSE,FALSE,,FALSE
acquaintance,n.,熟人,,FALSE,FALSE,,FALSE
acquire,v.,獲得,,FALSE,FALSE,,FALSE
academic,adj.,學術的,,FALSE,FALSE,,FALSE
acquisition,n.,獲得,,FALSE,FALSE,,FALSE
accent,n.,口音,,FALSE,FALSE,,FALSE
accept,v.,接受,,FALSE,FALSE,,FALSE
action,n.,行動,,FALSE,FALSE,,FALSE
active,adj.,積極的,,FALSE,FALSE,,FALSE
acceptance,n.,驗收,,FALSE,FALSE,,FALSE
activist,n.,活動家,,FALSE,FALSE,,FALSE
activity,n.,活動,,FALSE,FALSE,,FALSE
actor/actress,n.,男演員/女演員,,FALSE,FALSE,,FALSE
actual,adj.,實際的,,FALSE,FALSE,,FALSE
accident,n.,事故,,FALSE,FALSE,,FALSE
affair,n.,事務,,FALSE,FALSE,,FALSE
affect,v.,影響,,FALSE,FALSE,,FALSE
affection,n.,感情,,FALSE,FALSE,,FALSE
afraid,adj.,害怕的,,FALSE,FALSE,,FALSE
afternoon,n.,下午,,FALSE,FALSE,,FALSE
again,adv.,再次,,FALSE,FALSE,,FALSE
against,prep.,反對,,FALSE,FALSE,,FALSE
agency,n.,機構,,FALSE,FALSE,,FALSE
agenda,n.,議程,,FALSE,FALSE,,FALSE
agent,n.,代理人,,FALSE,FALSE,,FALSE
aggression,n.,侵略,,FALSE,FALSE,,FALSE
aggressive,adj.,挑釁的,,FALSE,FALSE,,FALSE
ago,adv.,前,,FALSE,FALSE,,FALSE
agony,n.,痛苦,,FALSE,FALSE,,FALSE
agreeable,adj.,令人愉快的,,FALSE,FALSE,,FALSE
agricultural,adj.,農業,,FALSE,FALSE,,FALSE
ahead,adv.,前面,,FALSE,FALSE,,FALSE
air,n.,空氣,,FALSE,FALSE,,FALSE
aircraft,n.,飛機,,FALSE,FALSE,,FALSE
airplane/plane,n.,飛機/飛機,,FALSE,FALSE,,FALSE
airport,n.,飛機場,,FALSE,FALSE,,FALSE
aisle,n.,走道,,FALSE,FALSE,,FALSE
album,n.,專輯,,FALSE,FALSE,,FALSE
alcohol,n.,酒精,,FALSE,FALSE,,FALSE
anxiety,n.,焦慮,,FALSE,FALSE,,FALSE
anybody/anyone,pron.,任何人/任何人,,FALSE,FALSE,,FALSE
anything,pron.,任何事物,,FALSE,FALSE,,FALSE
anytime,adv.,隨時,,FALSE,FALSE,,FALSE
anyway,adv.,反正,,FALSE,FALSE,,FALSE
anywhere/anyplace,adv.,任何地方/任何地方,,FALSE,FALSE,,FALSE
apartment,n.,公寓,,FALSE,FALSE,,FALSE
ape,n.,猿,,FALSE,FALSE,,FALSE
apology,n.,道歉,,FALSE,FALSE,,FALSE
apparent,adj.,明顯的,,FALSE,FALSE,,FALSE
appear,v.,出現,,FALSE,FALSE,,FALSE
appearance,n.,外貌,,FALSE,FALSE,,FALSE
appetite,n.,食慾,,FALSE,FALSE,,FALSE
apple,n.,蘋果,,FALSE,FALSE,,FALSE
applicant,n.,申請人,,FALSE,FALSE,,FALSE
application,n.,應用,,FALSE,FALSE,,FALSE
apply,v.,申請,,FALSE,FALSE,,FALSE
appreciate,v.,欣賞,,FALSE,FALSE,,FALSE
appreciation,n.,欣賞,,FALSE,FALSE,,FALSE
appropriate,adj.,合適的,,FALSE,FALSE,,FALSE
approval,n.,贊同,,FALSE,FALSE,,FALSE
attention,n.,注意力,,FALSE,FALSE,,FALSE
attraction,n.,景點,,FALSE,FALSE,,FALSE
audience,n.,觀眾,,FALSE,FALSE,,FALSE
audio,adj.,聲音的,,FALSE,FALSE,,FALSE
audit,n.,審計,,FALSE,FALSE,,FALSE
auditorium,n.,禮堂,,FALSE,FALSE,,FALSE
aunt,n.,阿姨,,FALSE,FALSE,,FALSE
authentic,adj.,真正的,,FALSE,FALSE,,FALSE
authority,n.,權威,,FALSE,FALSE,,FALSE
autobiography,n.,自傳,,FALSE,FALSE,,FALSE
automatic,adj.,自動的,,FALSE,FALSE,,FALSE
automobile/auto,n.,汽車/汽車,,FALSE,FALSE,,FALSE
available,adj.,可用的,,FALSE,FALSE,,FALSE
avenue,n.,大街,,FALSE,FALSE,,FALSE
avert,v.,避免,,FALSE,FALSE,,FALSE
aviation,n.,航空,,FALSE,FALSE,,FALSE
avoid,v.,避免,,FALSE,FALSE,,FALSE
await,v.,等待,,FALSE,FALSE,,FALSE
awaken,v.,喚醒,,FALSE,FALSE,,FALSE
aware,adj.,意識到的,,FALSE,FALSE,,FALSE
away,adv.,離開,,FALSE,FALSE,,FALSE
awesome,adj.,驚人的,,FALSE,FALSE,,FALSE
awful,adj.,可怕,,FALSE,FALSE,,FALSE
awhile,adv.,一會兒,,FALSE,FALSE,,FALSE
awkward,adj.,尷尬的,,FALSE,FALSE,,FALSE
beautiful,adj.,美麗的,,FALSE,FALSE,,FALSE
beautify,v.,美化,,FALSE,FALSE,,FALSE
beauty,n.,美麗,,FALSE,FALSE,,FALSE
because,conj.,因為,,FALSE,FALSE,,FALSE
become,v.,變得,,FALSE,FALSE,,FALSE
bed,n.,床,,FALSE,FALSE,,FALSE
bedroom,n.,臥室,,FALSE,FALSE,,FALSE
bee,n.,蜜蜂,,FALSE,FALSE,,FALSE
beef,n.,牛肉,,FALSE,FALSE,,FALSE
beer,n.,啤酒,,FALSE,FALSE,,FALSE
beforehand,adv.,預先,,FALSE,FALSE,,FALSE
beg,v.,求,,FALSE,FALSE,,FALSE
begin,v.,開始,,FALSE,FALSE,,FALSE
beginner,n.,初學者,,FALSE,FALSE,,FALSE
behalf,n.,代表,,FALSE,FALSE,,FALSE
behave,v.,表現,,FALSE,FALSE,,FALSE
being,n.,存在,,FALSE,FALSE,,FALSE
belief,n.,信仰,,FALSE,FALSE,,FALSE
believe,v.,相信,,FALSE,FALSE,,FALSE
bell,n.,鐘,,FALSE,FALSE,,FALSE
belong,v.,屬於,,FALSE,FALSE,,FALSE
belongings,n.,財物,,FALSE,FALSE,,FALSE
bench,n.,長椅,,FALSE,FALSE,,FALSE
beneficial,adj.,有利,,FALSE,FALSE,,FALSE
beside,prep.,旁,,FALSE,FALSE,,FALSE
born,adj.,出生,,FALSE,FALSE,,FALSE
borrow,v.,借,,FALSE,FALSE,,FALSE
bosom,n.,懷,,FALSE,FALSE,,FALSE
boulevard,n.,大道,,FALSE,FALSE,,FALSE
boundary,n.,邊界,,FALSE,FALSE,,FALSE
bowl,n.,碗,,FALSE,FALSE,,FALSE
bowling,n.,保齡球,,FALSE,FALSE,,FALSE
boxer,n.,拳擊手,,FALSE,FALSE,,FALSE
boxing,n.,拳擊,,FALSE,FALSE,,FALSE
boy,n.,男生,,FALSE,FALSE,,FALSE
brain,n.,腦,,FALSE,FALSE,,FALSE
brand,n.,品牌,,FALSE,FALSE,,FALSE
brassiere/bra,n.,胸罩/胸罩,,FALSE,FALSE,,FALSE
brave,adj.,勇敢的,,FALSE,FALSE,,FALSE
bravery,n.,勇敢,,FALSE,FALSE,,FALSE
bread,n.,麵包,,FALSE,FALSE,,FALSE
breadth,n.,寬度,,FALSE,FALSE,,FALSE
breakdown,n.,分解,,FALSE,FALSE,,FALSE
breakthrough,n.,突破,,FALSE,FALSE,,FALSE
cabbage,n.,高麗菜,,FALSE,FALSE,,FALSE
breakup,n.,拆散,,FALSE,FALSE,,FALSE
cabin,n.,艙,,FALSE,FALSE,,FALSE
breast,n.,胸部,,FALSE,FALSE,,FALSE
breath,n.,氣息,,FALSE,FALSE,,FALSE
breathe,v.,呼吸,,FALSE,FALSE,,FALSE
caf?/cafe,n.,咖啡館/咖啡館,,FALSE,FALSE,,FALSE
cafeteria,n.,自助餐廳,,FALSE,FALSE,,FALSE
caffeine,n.,咖啡因,,FALSE,FALSE,,FALSE
cake,n.,蛋糕,,FALSE,FALSE,,FALSE
calcium,n.,鈣,,FALSE,FALSE,,FALSE
calculator,n.,計算機,,FALSE,FALSE,,FALSE
calendar,n.,日曆,,FALSE,FALSE,,FALSE
camel,n.,駱駝,,FALSE,FALSE,,FALSE
camera,n.,相機,,FALSE,FALSE,,FALSE
campus,n.,校園,,FALSE,FALSE,,FALSE
canal,n.,運河,,FALSE,FALSE,,FALSE
cancel,v.,取消,,FALSE,FALSE,,FALSE
cancer,n.,癌症,,FALSE,FALSE,,FALSE
candle,n.,蠟燭,,FALSE,FALSE,,FALSE
canyon,n.,峽谷,,FALSE,FALSE,,FALSE
capability,n.,能力,,FALSE,FALSE,,FALSE
capable,adj.,有能力的,,FALSE,FALSE,,FALSE
capitalist,n.,資本家,,FALSE,FALSE,,FALSE
captain,n.,隊長,,FALSE,FALSE,,FALSE
chamber,n.,室,,FALSE,FALSE,,FALSE
championship,n.,錦標賽,,FALSE,FALSE,,FALSE
chaos,n.,混亂,,FALSE,FALSE,,FALSE
chapel,n.,教堂,,FALSE,FALSE,,FALSE
chapter,n.,章,,FALSE,FALSE,,FALSE
character,n.,特點,,FALSE,FALSE,,FALSE
characterize,v.,表徵,,FALSE,FALSE,,FALSE
charity,n.,慈善事業,,FALSE,FALSE,,FALSE
chart,n.,圖表,,FALSE,FALSE,,FALSE
cheese,n.,起司,,FALSE,FALSE,,FALSE
chef,n.,廚師,,FALSE,FALSE,,FALSE
chemistry,n.,化學,,FALSE,FALSE,,FALSE
cherish,v.,珍惜,,FALSE,FALSE,,FALSE
chess,n.,棋,,FALSE,FALSE,,FALSE
chicken,n.,雞,,FALSE,FALSE,,FALSE
child,n.,孩子,,FALSE,FALSE,,FALSE
closure,n.,關閉,,FALSE,FALSE,,FALSE
cloth,n.,布,,FALSE,FALSE,,FALSE
clothes,n.,衣服,,FALSE,FALSE,,FALSE
clothing,n.,衣服,,FALSE,FALSE,,FALSE
cloud,n.,雲,,FALSE,FALSE,,FALSE
cloudy,adj.,多雲,,FALSE,FALSE,,FALSE
clumsy,adj.,笨拙,,FALSE,FALSE,,FALSE
coal,n.,煤炭,,FALSE,FALSE,,FALSE
coalition,n.,聯盟,,FALSE,FALSE,,FALSE
coarse,adj.,粗,,FALSE,FALSE,,FALSE
coast,n.,海岸,,FALSE,FALSE,,FALSE
coastline,n.,海岸線,,FALSE,FALSE,,FALSE
cocaine,n.,古柯鹼,,FALSE,FALSE,,FALSE
cockroach/roach,n.,蟑螂/蟑螂,,FALSE,FALSE,,FALSE
cocoa,n.,可可,,FALSE,FALSE,,FALSE
coffee,n.,咖啡,,FALSE,FALSE,,FALSE
coffin,n.,棺材,,FALSE,FALSE,,FALSE
cognitive,adj.,認知的,,FALSE,FALSE,,FALSE
coherent,adj.,相干,,FALSE,FALSE,,FALSE
coincidence,n.,巧合,,FALSE,FALSE,,FALSE
cola/Coke,n.,可樂/可樂,,FALSE,FALSE,,FALSE
collaboration,n.,合作,,FALSE,FALSE,,FALSE
collar,n.,衣領,,FALSE,FALSE,,FALSE
colleague,n.,同事,,FALSE,FALSE,,FALSE
compose,v.,撰寫,,FALSE,FALSE,,FALSE
composer,n.,作曲家,,FALSE,FALSE,,FALSE
composition,n.,作品,,FALSE,FALSE,,FALSE
comprehensive,adj.,綜合的,,FALSE,FALSE,,FALSE
compute,v.,計算,,FALSE,FALSE,,FALSE
computer,n.,電腦,,FALSE,FALSE,,FALSE
computerize,v.,計算機化,,FALSE,FALSE,,FALSE
comrade,n.,同志,,FALSE,FALSE,,FALSE
concentrate,v.,集中,,FALSE,FALSE,,FALSE
concentration,n.,專注,,FALSE,FALSE,,FALSE
concept,n.,概念,,FALSE,FALSE,,FALSE
concerning,prep.,有關,,FALSE,FALSE,,FALSE
concert,n.,音樂會,,FALSE,FALSE,,FALSE
concession,n.,讓步,,FALSE,FALSE,,FALSE
concise,adj.,簡潔的,,FALSE,FALSE,,FALSE
conclude,v.,得出結論,,FALSE,FALSE,,FALSE
conclusion,n.,結論,,FALSE,FALSE,,FALSE
condense,v.,凝結,,FALSE,FALSE,,FALSE
conductor,n.,導體,,FALSE,FALSE,,FALSE
cone,n.,錐體,,FALSE,FALSE,,FALSE
conference,n.,會議,,FALSE,FALSE,,FALSE
confess,v.,承認,,FALSE,FALSE,,FALSE
contradiction,n.,矛盾,,FALSE,FALSE,,FALSE
controller,n.,控制器,,FALSE,FALSE,,FALSE
controversial,adj.,有爭議的,,FALSE,FALSE,,FALSE
controversy,n.,爭議,,FALSE,FALSE,,FALSE
convene,v.,召開,,FALSE,FALSE,,FALSE
convenient,adj.,方便的,,FALSE,FALSE,,FALSE
conversation,n.,對話,,FALSE,FALSE,,FALSE
conversion,n.,轉換,,FALSE,FALSE,,FALSE
convert,v.,轉變,,FALSE,FALSE,,FALSE
conviction,n.,定罪,,FALSE,FALSE,,FALSE
cooker,n.,炊具,,FALSE,FALSE,,FALSE
cookie,n.,餅乾,,FALSE,FALSE,,FALSE
core,n.,核,,FALSE,FALSE,,FALSE
corn,n.,玉米,,FALSE,FALSE,,FALSE
corner,n.,角落,,FALSE,FALSE,,FALSE
corporate,adj.,公司的,,FALSE,FALSE,,FALSE
crocodile,n.,鱷魚,,FALSE,FALSE,,FALSE
crossing,n.,穿越,,FALSE,FALSE,,FALSE
crow,n.,烏鴉,,FALSE,FALSE,,FALSE
crucial,adj.,至關重要的,,FALSE,FALSE,,FALSE
crude,adj.,原油,,FALSE,FALSE,,FALSE
cruel,adj.,殘忍的,,FALSE,FALSE,,FALSE
crutch,n.,拐杖,,FALSE,FALSE,,FALSE
dairy,n.,乳製品,,FALSE,FALSE,,FALSE
cub,n.,幼獸,,FALSE,FALSE,,FALSE
cucumber,n.,黃瓜,,FALSE,FALSE,,FALSE
dancer,n.,舞蹈家,,FALSE,FALSE,,FALSE
danger,n.,危險,,FALSE,FALSE,,FALSE
cuisine,n.,美食,,FALSE,FALSE,,FALSE
dangerous,adj.,危險的,,FALSE,FALSE,,FALSE
cultivate,v.,培育,,FALSE,FALSE,,FALSE
cultural,adj.,文化,,FALSE,FALSE,,FALSE
culture,n.,文化,,FALSE,FALSE,,FALSE
cumulative,adj.,累計,,FALSE,FALSE,,FALSE
data,n.,數據,,FALSE,FALSE,,FALSE
cup,n.,杯子,,FALSE,FALSE,,FALSE
database,n.,資料庫,,FALSE,FALSE,,FALSE
cupboard,n.,櫥櫃,,FALSE,FALSE,,FALSE
daughter,n.,女兒,,FALSE,FALSE,,FALSE
curfew,n.,宵禁,,FALSE,FALSE,,FALSE
day,n.,天,,FALSE,FALSE,,FALSE
curiosity,n.,好奇心,,FALSE,FALSE,,FALSE
curious,adj.,好奇的,,FALSE,FALSE,,FALSE
dead,adj.,死的,,FALSE,FALSE,,FALSE
deadline,n.,最後期限,,FALSE,FALSE,,FALSE
currency,n.,貨幣,,FALSE,FALSE,,FALSE
defiance,n.,蔑視,,FALSE,FALSE,,FALSE
deficit,n.,赤字,,FALSE,FALSE,,FALSE
define,v.,定義,,FALSE,FALSE,,FALSE
definite,adj.,定,,FALSE,FALSE,,FALSE
definition,n.,定義,,FALSE,FALSE,,FALSE
definitive,adj.,確定的,,FALSE,FALSE,,FALSE
defy,v.,違抗,,FALSE,FALSE,,FALSE
degree,n.,程度,,FALSE,FALSE,,FALSE
delegation,n.,代表團,,FALSE,FALSE,,FALSE
delicate,adj.,精美的,,FALSE,FALSE,,FALSE
delicious,adj.,可口的,,FALSE,FALSE,,FALSE
delightful,adj.,愉快,,FALSE,FALSE,,FALSE
deliver,v.,遞送,,FALSE,FALSE,,FALSE
delivery,n.,送貨,,FALSE,FALSE,,FALSE
democracy,n.,民主,,FALSE,FALSE,,FALSE
democrat,n.,民主黨人,,FALSE,FALSE,,FALSE
democratic,adj.,民主的,,FALSE,FALSE,,FALSE
demonstrate,v.,證明,,FALSE,FALSE,,FALSE
demonstration,n.,示範,,FALSE,FALSE,,FALSE
denial,n.,拒絕,,FALSE,FALSE,,FALSE
dense,adj.,稠密,,FALSE,FALSE,,FALSE
density,n.,密度,,FALSE,FALSE,,FALSE
dental,adj.,牙科,,FALSE,FALSE,,FALSE
dentist,n.,牙醫,,FALSE,FALSE,,FALSE
deny,v.,否定,,FALSE,FALSE,,FALSE
depart,v.,離開,,FALSE,FALSE,,FALSE
department,n.,部門,,FALSE,FALSE,,FALSE
departure,n.,離開,,FALSE,FALSE,,FALSE
depend,v.,依賴,,FALSE,FALSE,,FALSE
depict,v.,描繪,,FALSE,FALSE,,FALSE
deploy,v.,部署,,FALSE,FALSE,,FALSE
depress,v.,壓抑,,FALSE,FALSE,,FALSE
dime,n.,一毛錢,,FALSE,FALSE,,FALSE
dine,v.,吃飯,,FALSE,FALSE,,FALSE
dinner,n.,晚餐,,FALSE,FALSE,,FALSE
dinosaur,n.,恐龍,,FALSE,FALSE,,FALSE
diploma,n.,文憑,,FALSE,FALSE,,FALSE
diplomat,n.,外交官,,FALSE,FALSE,,FALSE
direction,n.,方向,,FALSE,FALSE,,FALSE
director,n.,導演,,FALSE,FALSE,,FALSE
dirt,n.,污垢,,FALSE,FALSE,,FALSE
disability,n.,殘疾,,FALSE,FALSE,,FALSE
disappear,v.,消失,,FALSE,FALSE,,FALSE
disaster,n.,災難,,FALSE,FALSE,,FALSE
dormitory/dorm,n.,宿舍/宿舍,,FALSE,FALSE,,FALSE
dove,n.,鴿子,,FALSE,FALSE,,FALSE
download,v.,下載,,FALSE,FALSE,,FALSE
downward,adj.,向下,,FALSE,FALSE,,FALSE
dozen,n.,打,,FALSE,FALSE,,FALSE
dragon,n.,龍,,FALSE,FALSE,,FALSE
drama,n.,戲劇,,FALSE,FALSE,,FALSE
drastic,adj.,激烈的,,FALSE,FALSE,,FALSE
draught,n.,草稿,,FALSE,FALSE,,FALSE
drawer,n.,抽屜,,FALSE,FALSE,,FALSE
drawing,n.,繪畫,,FALSE,FALSE,,FALSE
dresser,n.,梳妝台,,FALSE,FALSE,,FALSE
dressing,n.,敷料,,FALSE,FALSE,,FALSE
eagle,n.,鷹,,FALSE,FALSE,,FALSE
ear,n.,耳朵,,FALSE,FALSE,,FALSE
electric,adj.,電的,,FALSE,FALSE,,FALSE
electrical,adj.,電氣,,FALSE,FALSE,,FALSE
electrician,n.,電工,,FALSE,FALSE,,FALSE
elephant,n.,大象,,FALSE,FALSE,,FALSE
elevate,v.,提升,,FALSE,FALSE,,FALSE
eligible,adj.,有資格的,,FALSE,FALSE,,FALSE
eloquent,adj.,雄辯,,FALSE,FALSE,,FALSE
else,adv.,別的,,FALSE,FALSE,,FALSE
emergency,n.,緊急情況,,FALSE,FALSE,,FALSE
emigrant,n.,移民,,FALSE,FALSE,,FALSE
emigrate,v.,移民,,FALSE,FALSE,,FALSE
emigration,n.,移民,,FALSE,FALSE,,FALSE
emission,n.,排放,,FALSE,FALSE,,FALSE
emotion,n.,情感,,FALSE,FALSE,,FALSE
emotional,adj.,情緒化的,,FALSE,FALSE,,FALSE
emperor,n.,皇帝,,FALSE,FALSE,,FALSE
emphasize,v.,強調,,FALSE,FALSE,,FALSE
eternity,n.,永恆,,FALSE,FALSE,,FALSE
ethic(s),n.,倫理）,,FALSE,FALSE,,FALSE
ethical,adj.,道德的,,FALSE,FALSE,,FALSE
evacuate,v.,撤離,,FALSE,FALSE,,FALSE
evaluate,v.,評價,,FALSE,FALSE,,FALSE
evaluation,n.,評估,,FALSE,FALSE,,FALSE
eve,n.,前夕,,FALSE,FALSE,,FALSE
evening,n.,晚上,,FALSE,FALSE,,FALSE
event,n.,事件,,FALSE,FALSE,,FALSE
eventual,adj.,最終的,,FALSE,FALSE,,FALSE
ever,adv.,曾經,,FALSE,FALSE,,FALSE
every,adj.,每一個,,FALSE,FALSE,,FALSE
everything,pron.,一切,,FALSE,FALSE,,FALSE
evident,adj.,明顯,,FALSE,FALSE,,FALSE
evoke,v.,喚起,,FALSE,FALSE,,FALSE
evolution,n.,進化,,FALSE,FALSE,,FALSE
evolve,v.,發展,,FALSE,FALSE,,FALSE
exact,adj.,精確的,,FALSE,FALSE,,FALSE
exaggerate,v.,誇大,,FALSE,FALSE,,FALSE
exaggeration,n.,誇張,,FALSE,FALSE,,FALSE
examination/exam,n.,考試/考試,,FALSE,FALSE,,FALSE
examine,v.,檢查,,FALSE,FALSE,,FALSE
examinee,n.,考生,,FALSE,FALSE,,FALSE
examiner,n.,考官,,FALSE,FALSE,,FALSE
example,n.,例子,,FALSE,FALSE,,FALSE
exceed,v.,超過,,FALSE,FALSE,,FALSE
excel,v.,卓越,,FALSE,FALSE,,FALSE
fable,n.,寓言,,FALSE,FALSE,,FALSE
excellence,n.,卓越,,FALSE,FALSE,,FALSE
fabric,n.,織物,,FALSE,FALSE,,FALSE
excellent,adj.,出色的,,FALSE,FALSE,,FALSE
fabulous,adj.,神話般的,,FALSE,FALSE,,FALSE
exception,n.,例外,,FALSE,FALSE,,FALSE
facial,adj.,面部的,,FALSE,FALSE,,FALSE
exceptional,adj.,異常的,,FALSE,FALSE,,FALSE
facilitate,v.,促進,,FALSE,FALSE,,FALSE
facility,n.,設施,,FALSE,FALSE,,FALSE
fact,n.,事實,,FALSE,FALSE,,FALSE
faction,n.,派,,FALSE,FALSE,,FALSE
factor,n.,因素,,FALSE,FALSE,,FALSE
factory,n.,工廠,,FALSE,FALSE,,FALSE
faculty,n.,學院,,FALSE,FALSE,,FALSE
fade,v.,褪色,,FALSE,FALSE,,FALSE
Fahrenheit,n.,華氏度,,FALSE,FALSE,,FALSE
failure,n.,失敗,,FALSE,FALSE,,FALSE
fairly,adv.,相當,,FALSE,FALSE,,FALSE
faith,n.,信仰,,FALSE,FALSE,,FALSE
faithful,adj.,忠實,,FALSE,FALSE,,FALSE
false,adj.,錯誤的,,FALSE,FALSE,,FALSE
falter,v.,動搖,,FALSE,FALSE,,FALSE
fame,n.,名聲,,FALSE,FALSE,,FALSE
familiar,adj.,熟悉的,,FALSE,FALSE,,FALSE
familiarity,n.,熟悉度,,FALSE,FALSE,,FALSE
family,n.,家庭,,FALSE,FALSE,,FALSE
famous,adj.,著名的,,FALSE,FALSE,,FALSE
fantastic,adj.,極好的,,FALSE,FALSE,,FALSE
fantasy,n.,幻想,,FALSE,FALSE,,FALSE
fare,n.,票價,,FALSE,FALSE,,FALSE
farewell,n.,告別,,FALSE,FALSE,,FALSE
farmer,n.,農民,,FALSE,FALSE,,FALSE
fascinate,v.,吸引,,FALSE,FALSE,,FALSE
fascination,n.,魅力,,FALSE,FALSE,,FALSE
fashionable,adj.,時髦,,FALSE,FALSE,,FALSE
fasten,v.,系,,FALSE,FALSE,,FALSE
flea,n.,跳蚤,,FALSE,FALSE,,FALSE
flee,v.,逃跑,,FALSE,FALSE,,FALSE
fleet,n.,艦隊,,FALSE,FALSE,,FALSE
flesh,n.,肉,,FALSE,FALSE,,FALSE
flexibility,n.,靈活性,,FALSE,FALSE,,FALSE
flexible,adj.,靈活的,,FALSE,FALSE,,FALSE
flight,n.,航班,,FALSE,FALSE,,FALSE
flour,n.,麵粉,,FALSE,FALSE,,FALSE
flu,n.,流感,,FALSE,FALSE,,FALSE
fluency,n.,流暢度,,FALSE,FALSE,,FALSE
fluent,adj.,流利,,FALSE,FALSE,,FALSE
flute,n.,長笛,,FALSE,FALSE,,FALSE
foggy,adj.,有霧的,,FALSE,FALSE,,FALSE
folk,n.,民間,,FALSE,FALSE,,FALSE
follow,v.,跟隨,,FALSE,FALSE,,FALSE
follower,n.,追隨者,,FALSE,FALSE,,FALSE
fond,adj.,喜歡,,FALSE,FALSE,,FALSE
food,n.,食物,,FALSE,FALSE,,FALSE
foolish,adj.,愚蠢的,,FALSE,FALSE,,FALSE
full,adj.,滿的,,FALSE,FALSE,,FALSE
fun,n.,樂趣,,FALSE,FALSE,,FALSE
functional,adj.,功能性的,,FALSE,FALSE,,FALSE
funeral,n.,葬禮,,FALSE,FALSE,,FALSE
funny,adj.,有趣的,,FALSE,FALSE,,FALSE
fur,n.,毛皮,,FALSE,FALSE,,FALSE
furious,adj.,狂怒,,FALSE,FALSE,,FALSE
furnish,v.,提供,,FALSE,FALSE,,FALSE
furniture,n.,家具,,FALSE,FALSE,,FALSE
furthermore,adv.,此外,,FALSE,FALSE,,FALSE
geography,n.,地理,,FALSE,FALSE,,FALSE
gallery,n.,畫廊,,FALSE,FALSE,,FALSE
gallon,n.,加侖,,FALSE,FALSE,,FALSE
get,v.,得到,,FALSE,FALSE,,FALSE
ghost,n.,鬼,,FALSE,FALSE,,FALSE
game,n.,遊戲,,FALSE,FALSE,,FALSE
gift,n.,禮物,,FALSE,FALSE,,FALSE
gap,n.,差距,,FALSE,FALSE,,FALSE
garage,n.,車庫,,FALSE,FALSE,,FALSE
garbage,n.,垃圾,,FALSE,FALSE,,FALSE
giraffe,n.,長頸鹿,,FALSE,FALSE,,FALSE
gardener,n.,園丁,,FALSE,FALSE,,FALSE
girl,n.,女孩,,FALSE,FALSE,,FALSE
garlic,n.,蒜,,FALSE,FALSE,,FALSE
give,v.,給,,FALSE,FALSE,,FALSE
gasoline/gas,n.,汽油/天然氣,,FALSE,FALSE,,FALSE
gradual,adj.,漸進的,,FALSE,FALSE,,FALSE
grain,n.,糧食,,FALSE,FALSE,,FALSE
gram,n.,克,,FALSE,FALSE,,FALSE
grand,adj.,盛大,,FALSE,FALSE,,FALSE
grandfather,n.,祖父,,FALSE,FALSE,,FALSE
grandmother,n.,祖母,,FALSE,FALSE,,FALSE
grape,n.,葡萄,,FALSE,FALSE,,FALSE
grapefruit,n.,柚子,,FALSE,FALSE,,FALSE
grass,n.,草,,FALSE,FALSE,,FALSE
graze,v.,輕擦,,FALSE,FALSE,,FALSE
habit,n.,習慣,,FALSE,FALSE,,FALSE
greet,v.,迎接,,FALSE,FALSE,,FALSE
hacker,n.,駭客,,FALSE,FALSE,,FALSE
hat,n.,帽子,,FALSE,FALSE,,FALSE
hawk,n.,鷹,,FALSE,FALSE,,FALSE
headache,n.,頭痛,,FALSE,FALSE,,FALSE
headphone(s),n.,耳機）,,FALSE,FALSE,,FALSE
health,n.,健康,,FALSE,FALSE,,FALSE
healthful,adj.,健康的,,FALSE,FALSE,,FALSE
healthy,adj.,健康,,FALSE,FALSE,,FALSE
hear,v.,聽到,,FALSE,FALSE,,FALSE
heart,n.,心,,FALSE,FALSE,,FALSE
hearty,adj.,爽朗,,FALSE,FALSE,,FALSE
heavy,adj.,重的,,FALSE,FALSE,,FALSE
height,n.,高度,,FALSE,FALSE,,FALSE
heighten,v.,增高,,FALSE,FALSE,,FALSE
helicopter,n.,直升機,,FALSE,FALSE,,FALSE
hello,n.,你好,,FALSE,FALSE,,FALSE
hotel,n.,飯店,,FALSE,FALSE,,FALSE
hour,n.,小時,,FALSE,FALSE,,FALSE
household,n.,家庭,,FALSE,FALSE,,FALSE
housekeeper,n.,管家,,FALSE,FALSE,,FALSE
housewife,n.,家庭主婦,,FALSE,FALSE,,FALSE
housework,n.,家務,,FALSE,FALSE,,FALSE
housing,n.,住房,,FALSE,FALSE,,FALSE
how,adv.,如何,,FALSE,FALSE,,FALSE
however,adv.,然而,,FALSE,FALSE,,FALSE
hum,v.,哼,,FALSE,FALSE,,FALSE
humanity,n.,人類,,FALSE,FALSE,,FALSE
humid,adj.,濕,,FALSE,FALSE,,FALSE
humidity,n.,濕度,,FALSE,FALSE,,FALSE
humiliate,v.,羞辱,,FALSE,FALSE,,FALSE
humor,n.,幽默,,FALSE,FALSE,,FALSE
humorous,adj.,幽默,,FALSE,FALSE,,FALSE
hunger,n.,飢餓,,FALSE,FALSE,,FALSE
hungry,adj.,飢餓的,,FALSE,FALSE,,FALSE
hurricane,n.,颶風,,FALSE,FALSE,,FALSE
husband,n.,丈夫,,FALSE,FALSE,,FALSE
hut,n.,小屋,,FALSE,FALSE,,FALSE
hydrogen,n.,氫,,FALSE,FALSE,,FALSE
hygiene,n.,衛生,,FALSE,FALSE,,FALSE
indifference,n.,漠不關心,,FALSE,FALSE,,FALSE
indifferent,adj.,冷漠,,FALSE,FALSE,,FALSE
indigenous,adj.,土著,,FALSE,FALSE,,FALSE
indignant,adj.,憤怒,,FALSE,FALSE,,FALSE
indispensable,adj.,必不可少,,FALSE,FALSE,,FALSE
indoor,adj.,室內的,,FALSE,FALSE,,FALSE
indoors,adv.,室內,,FALSE,FALSE,,FALSE
induce,v.,誘發,,FALSE,FALSE,,FALSE
indulge,v.,放縱,,FALSE,FALSE,,FALSE
industrial,adj.,工業的,,FALSE,FALSE,,FALSE
industrialize,v.,工業化,,FALSE,FALSE,,FALSE
industry,n.,行業,,FALSE,FALSE,,FALSE
inevitable,adj.,不可避免的,,FALSE,FALSE,,FALSE
infant,n.,嬰兒,,FALSE,FALSE,,FALSE
infect,v.,感染,,FALSE,FALSE,,FALSE
infection,n.,感染,,FALSE,FALSE,,FALSE
infectious,adj.,傳染性的,,FALSE,FALSE,,FALSE
infer,v.,推斷,,FALSE,FALSE,,FALSE
infinite,adj.,無限,,FALSE,FALSE,,FALSE
inflation,n.,通貨膨脹,,FALSE,FALSE,,FALSE
inflict,v.,造成,,FALSE,FALSE,,FALSE
influential,adj.,有影響,,FALSE,FALSE,,FALSE
inform,v.,通知,,FALSE,FALSE,,FALSE
information,n.,資訊,,FALSE,FALSE,,FALSE
informative,adj.,信息豐富的,,FALSE,FALSE,,FALSE
infrastructure,n.,基礎設施,,FALSE,FALSE,,FALSE
ingredient,n.,成分,,FALSE,FALSE,,FALSE
inhabit,v.,棲息,,FALSE,FALSE,,FALSE
inhabitant,n.,居民,,FALSE,FALSE,,FALSE
inherent,adj.,固有,,FALSE,FALSE,,FALSE
inherit,v.,繼承,,FALSE,FALSE,,FALSE
inject,v.,注入,,FALSE,FALSE,,FALSE
injection,n.,注射,,FALSE,FALSE,,FALSE
injure,v.,損傷,,FALSE,FALSE,,FALSE
intimacy,n.,親密感,,FALSE,FALSE,,FALSE
intimidate,v.,威嚇,,FALSE,FALSE,,FALSE
jacket,n.,夾克,,FALSE,FALSE,,FALSE
into,prep.,進入,,FALSE,FALSE,,FALSE
intonation,n.,語調,,FALSE,FALSE,,FALSE
introduce,v.,介紹,,FALSE,FALSE,,FALSE
introduction,n.,介紹,,FALSE,FALSE,,FALSE
jar,n.,罐,,FALSE,FALSE,,FALSE
intrude,v.,侵入,,FALSE,FALSE,,FALSE
intruder,n.,入侵者,,FALSE,FALSE,,FALSE
jaw,n.,顎,,FALSE,FALSE,,FALSE
intuition,n.,直覺,,FALSE,FALSE,,FALSE
jazz,n.,爵士樂,,FALSE,FALSE,,FALSE
invade,v.,入侵,,FALSE,FALSE,,FALSE
jealous,adj.,嫉妒的,,FALSE,FALSE,,FALSE
invaluable,adj.,無價,,FALSE,FALSE,,FALSE
jeans,n.,牛仔褲,,FALSE,FALSE,,FALSE
invasion,n.,入侵,,FALSE,FALSE,,FALSE
jeep,n.,吉普車,,FALSE,FALSE,,FALSE
invent,v.,發明,,FALSE,FALSE,,FALSE
jelly,n.,果凍,,FALSE,FALSE,,FALSE
inventor,n.,發明者,,FALSE,FALSE,,FALSE
jewel,n.,寶石,,FALSE,FALSE,,FALSE
jewelry,n.,珠寶,,FALSE,FALSE,,FALSE
investigate,v.,調查,,FALSE,FALSE,,FALSE
job,n.,工作,,FALSE,FALSE,,FALSE
investigator,n.,研究者,,FALSE,FALSE,,FALSE
invitation,n.,邀請函,,FALSE,FALSE,,FALSE
invite,v.,邀請,,FALSE,FALSE,,FALSE
journal,n.,雜誌,,FALSE,FALSE,,FALSE
irony,n.,諷刺,,FALSE,FALSE,,FALSE
journalism,n.,新聞學,,FALSE,FALSE,,FALSE
journalist,n.,記者,,FALSE,FALSE,,FALSE
island,n.,島,,FALSE,FALSE,,FALSE
joy,n.,喜悅,,FALSE,FALSE,,FALSE
joyful,adj.,快樂,,FALSE,FALSE,,FALSE
judgment/judgement,n.,判斷/判斷,,FALSE,FALSE,,FALSE
item,n.,物品,,FALSE,FALSE,,FALSE
knight,n.,騎士,,FALSE,FALSE,,FALSE
know,v.,知道,,FALSE,FALSE,,FALSE
knowledge,n.,知識,,FALSE,FALSE,,FALSE
koala,n.,無尾熊,,FALSE,FALSE,,FALSE
lawmaker,n.,立法者,,FALSE,FALSE,,FALSE
lawn,n.,草地,,FALSE,FALSE,,FALSE
lawsuit,n.,訴訟,,FALSE,FALSE,,FALSE
lawyer,n.,律師,,FALSE,FALSE,,FALSE
lay,v.,躺著,,FALSE,FALSE,,FALSE
ladder,n.,梯子,,FALSE,FALSE,,FALSE
lady,n.,女士,,FALSE,FALSE,,FALSE
lazy,adj.,懶惰的,,FALSE,FALSE,,FALSE
ladybug,n.,瓢蟲,,FALSE,FALSE,,FALSE
leader,n.,領導者,,FALSE,FALSE,,FALSE
lake,n.,湖,,FALSE,FALSE,,FALSE
leadership,n.,領導,,FALSE,FALSE,,FALSE
leaf,n.,葉子,,FALSE,FALSE,,FALSE
lamp,n.,燈,,FALSE,FALSE,,FALSE
landlord,n.,房東,,FALSE,FALSE,,FALSE
learn,v.,學習,,FALSE,FALSE,,FALSE
learning,n.,學習,,FALSE,FALSE,,FALSE
lane,n.,車道,,FALSE,FALSE,,FALSE
language,n.,語言,,FALSE,FALSE,,FALSE
lantern,n.,燈籠,,FALSE,FALSE,,FALSE
leather,n.,皮革,,FALSE,FALSE,,FALSE
lap,n.,圈,,FALSE,FALSE,,FALSE
large,adj.,大的,,FALSE,FALSE,,FALSE
laser,n.,雷射,,FALSE,FALSE,,FALSE
leg,n.,腿,,FALSE,FALSE,,FALSE
legacy,n.,遺產,,FALSE,FALSE,,FALSE
lately,adv.,最近,,FALSE,FALSE,,FALSE
legal,adj.,合法的,,FALSE,FALSE,,FALSE
later,adv.,之後,,FALSE,FALSE,,FALSE
life,n.,生活,,FALSE,FALSE,,FALSE
likelihood,n.,可能性,,FALSE,FALSE,,FALSE
likewise,adv.,同樣地,,FALSE,FALSE,,FALSE
linger,v.,縈繞,,FALSE,FALSE,,FALSE
lining,n.,牙髓保護層,,FALSE,FALSE,,FALSE
lion,n.,獅子,,FALSE,FALSE,,FALSE
lip,n.,唇,,FALSE,FALSE,,FALSE
machinery,n.,機械,,FALSE,FALSE,,FALSE
liquid,n.,液體,,FALSE,FALSE,,FALSE
mad,adj.,瘋狂的,,FALSE,FALSE,,FALSE
madam/ma’am,n.,女士/女士,,FALSE,FALSE,,FALSE
magazine,n.,雜誌,,FALSE,FALSE,,FALSE
listen,v.,聽,,FALSE,FALSE,,FALSE
listener,n.,聽眾,,FALSE,FALSE,,FALSE
liter,n.,升,,FALSE,FALSE,,FALSE
literacy,n.,識字能力,,FALSE,FALSE,,FALSE
literal,adj.,文字,,FALSE,FALSE,,FALSE
magnetic,adj.,磁的,,FALSE,FALSE,,FALSE
magnificent,adj.,壯麗,,FALSE,FALSE,,FALSE
magnify,v.,放大,,FALSE,FALSE,,FALSE
mainland,n.,大陸,,FALSE,FALSE,,FALSE
mainstream,n.,主流,,FALSE,FALSE,,FALSE
maintain,v.,維持,,FALSE,FALSE,,FALSE
maintenance,n.,維護,,FALSE,FALSE,,FALSE
majestic,adj.,雄偉,,FALSE,FALSE,,FALSE
majesty,n.,威嚴,,FALSE,FALSE,,FALSE
make,v.,製作,,FALSE,FALSE,,FALSE
makeup,n.,化妝品,,FALSE,FALSE,,FALSE
manager,n.,主管,,FALSE,FALSE,,FALSE
mango,n.,芒果,,FALSE,FALSE,,FALSE
manner,n.,方式,,FALSE,FALSE,,FALSE
manufacturer,n.,製造商,,FALSE,FALSE,,FALSE
manuscript,n.,手稿,,FALSE,FALSE,,FALSE
maple,n.,楓,,FALSE,FALSE,,FALSE
mar,v.,三月,,FALSE,FALSE,,FALSE
marathon,n.,馬拉松,,FALSE,FALSE,,FALSE
margin,n.,利潤,,FALSE,FALSE,,FALSE
marginal,adj.,邊緣,,FALSE,FALSE,,FALSE
mermaid,n.,美人魚,,FALSE,FALSE,,FALSE
merry,adj.,快樂的,,FALSE,FALSE,,FALSE
messenger,n.,信使,,FALSE,FALSE,,FALSE
messy,adj.,凌亂的,,FALSE,FALSE,,FALSE
microphone/mike,n.,麥克風/麥克風,,FALSE,FALSE,,FALSE
microscope,n.,顯微鏡,,FALSE,FALSE,,FALSE
mighty,adj.,強大的,,FALSE,FALSE,,FALSE
mild,adj.,輕微,,FALSE,FALSE,,FALSE
milk,n.,牛奶,,FALSE,FALSE,,FALSE
million,n.,百萬,,FALSE,FALSE,,FALSE
millionaire,n.,百萬富翁,,FALSE,FALSE,,FALSE
miner,n.,礦工,,FALSE,FALSE,,FALSE
mineral,n.,礦物,,FALSE,FALSE,,FALSE
mingle,v.,交融,,FALSE,FALSE,,FALSE
minister,n.,部長,,FALSE,FALSE,,FALSE
ministry,n.,部,,FALSE,FALSE,,FALSE
motivation,n.,動機,,FALSE,FALSE,,FALSE
motor,n.,發動機,,FALSE,FALSE,,FALSE
motto,n.,座右銘,,FALSE,FALSE,,FALSE
mountain,n.,山,,FALSE,FALSE,,FALSE
mountainous,adj.,多山,,FALSE,FALSE,,FALSE
mourn,v.,哀悼,,FALSE,FALSE,,FALSE
mournful,adj.,悲哀,,FALSE,FALSE,,FALSE
naive,adj.,幼稚的,,FALSE,FALSE,,FALSE
mouse,n.,老鼠,,FALSE,FALSE,,FALSE
naked,adj.,裸,,FALSE,FALSE,,FALSE
namely,adv.,即,,FALSE,FALSE,,FALSE
movie/film,n.,電影/電影,,FALSE,FALSE,,FALSE
mow,v.,刈,,FALSE,FALSE,,FALSE
napkin,n.,餐巾,,FALSE,FALSE,,FALSE
Mr./Mister,n.,先生/先生,,FALSE,FALSE,,FALSE
narrate,v.,敘事,,FALSE,FALSE,,FALSE
Mrs.,n.,太太。,,FALSE,FALSE,,FALSE
Ms.,n.,多發性硬化症。,,FALSE,FALSE,,FALSE
narrator,n.,敘述者,,FALSE,FALSE,,FALSE
mud,n.,泥,,FALSE,FALSE,,FALSE
nasty,adj.,可惡的,,FALSE,FALSE,,FALSE
muddy,adj.,渾,,FALSE,FALSE,,FALSE
national,adj.,國家的,,FALSE,FALSE,,FALSE
mule,n.,騾子,,FALSE,FALSE,,FALSE
nationalism,n.,民族主義,,FALSE,FALSE,,FALSE
multiple,adj.,多種的,,FALSE,FALSE,,FALSE
nationality,n.,國籍,,FALSE,FALSE,,FALSE
multiply,v.,乘,,FALSE,FALSE,,FALSE
nature,n.,自然,,FALSE,FALSE,,FALSE
murderer,n.,兇手,,FALSE,FALSE,,FALSE
navigate,v.,導航,,FALSE,FALSE,,FALSE
navigation,n.,導航,,FALSE,FALSE,,FALSE
muscle,n.,肌肉,,FALSE,FALSE,,FALSE
navy,n.,海軍,,FALSE,FALSE,,FALSE
muse,n.,沉思,,FALSE,FALSE,,FALSE
museum,n.,博物館,,FALSE,FALSE,,FALSE
nearsighted,adj.,近視眼,,FALSE,FALSE,,FALSE
music,n.,音樂,,FALSE,FALSE,,FALSE
neat,adj.,整潔的,,FALSE,FALSE,,FALSE
necessity,n.,必要性,,FALSE,FALSE,,FALSE
neck,n.,脖子,,FALSE,FALSE,,FALSE
nominee,n.,被提名人,,FALSE,FALSE,,FALSE
nonprofit,adj.,非營利組織,,FALSE,FALSE,,FALSE
nonsense,n.,廢話,,FALSE,FALSE,,FALSE
noodle,n.,麵條,,FALSE,FALSE,,FALSE
noon,n.,中午,,FALSE,FALSE,,FALSE
nor,conj.,也不,,FALSE,FALSE,,FALSE
norm,n.,規範,,FALSE,FALSE,,FALSE
normal,adj.,普通的,,FALSE,FALSE,,FALSE
northern,adj.,北方,,FALSE,FALSE,,FALSE
nose,n.,鼻子,,FALSE,FALSE,,FALSE
not,adv.,不是,,FALSE,FALSE,,FALSE
notebook,n.,筆記本,,FALSE,FALSE,,FALSE
noticeable,adj.,顯,,FALSE,FALSE,,FALSE
notify,v.,通知,,FALSE,FALSE,,FALSE
notion,n.,概念,,FALSE,FALSE,,FALSE
novelist,n.,小說家,,FALSE,FALSE,,FALSE
nowadays,adv.,如今,,FALSE,FALSE,,FALSE
nuclear,adj.,核,,FALSE,FALSE,,FALSE
numerous,adj.,很多的,,FALSE,FALSE,,FALSE
nun,n.,尼姑,,FALSE,FALSE,,FALSE
nursery,n.,苗圃,,FALSE,FALSE,,FALSE
nut,n.,堅果,,FALSE,FALSE,,FALSE
optimism,n.,樂觀,,FALSE,FALSE,,FALSE
optimistic,adj.,樂觀的,,FALSE,FALSE,,FALSE
optional,adj.,選修的,,FALSE,FALSE,,FALSE
or,conj.,或者,,FALSE,FALSE,,FALSE
orchard,n.,果園,,FALSE,FALSE,,FALSE
package,n.,包裹,,FALSE,FALSE,,FALSE
packet,n.,包,,FALSE,FALSE,,FALSE
ordinary,adj.,普通的,,FALSE,FALSE,,FALSE
organ,n.,器官,,FALSE,FALSE,,FALSE
organic,adj.,有機的,,FALSE,FALSE,,FALSE
page,n.,頁,,FALSE,FALSE,,FALSE
organism,n.,生物,,FALSE,FALSE,,FALSE
organization,n.,組織,,FALSE,FALSE,,FALSE
painful,adj.,痛苦,,FALSE,FALSE,,FALSE
organize,v.,組織,,FALSE,FALSE,,FALSE
painter,n.,畫家,,FALSE,FALSE,,FALSE
painting,n.,繪畫,,FALSE,FALSE,,FALSE
pair,n.,一對,,FALSE,FALSE,,FALSE
pajamas,n.,睡衣,,FALSE,FALSE,,FALSE
origin,n.,起源,,FALSE,FALSE,,FALSE
originality,n.,獨創性,,FALSE,FALSE,,FALSE
pale,adj.,蒼白,,FALSE,FALSE,,FALSE
pan,n.,平底鍋,,FALSE,FALSE,,FALSE
panda,n.,貓熊,,FALSE,FALSE,,FALSE
pants,n.,褲子,,FALSE,FALSE,,FALSE
papaya,n.,木瓜,,FALSE,FALSE,,FALSE
paperback,n.,平裝,,FALSE,FALSE,,FALSE
outdoor,adj.,戶外的,,FALSE,FALSE,,FALSE
outdoors,adv.,戶外,,FALSE,FALSE,,FALSE
outer,adj.,外,,FALSE,FALSE,,FALSE
paradox,n.,悖論,,FALSE,FALSE,,FALSE
paralyze,v.,癱瘓,,FALSE,FALSE,,FALSE
parent(s),n.,父母）,,FALSE,FALSE,,FALSE
parliament,n.,議會,,FALSE,FALSE,,FALSE
participant,n.,參與者,,FALSE,FALSE,,FALSE
participate,v.,參加,,FALSE,FALSE,,FALSE
particle,n.,粒子,,FALSE,FALSE,,FALSE
particular,adj.,特別的,,FALSE,FALSE,,FALSE
partly,adv.,部分地,,FALSE,FALSE,,FALSE
partner,n.,夥伴,,FALSE,FALSE,,FALSE
passionate,adj.,熱情的,,FALSE,FALSE,,FALSE
password,n.,密碼,,FALSE,FALSE,,FALSE
pastime,n.,消遣,,FALSE,FALSE,,FALSE
pastry,n.,糕點,,FALSE,FALSE,,FALSE
path,n.,小路,,FALSE,FALSE,,FALSE
pathetic,adj.,可憐的,,FALSE,FALSE,,FALSE
phenomenon,n.,現象,,FALSE,FALSE,,FALSE
philosopher,n.,哲學家,,FALSE,FALSE,,FALSE
philosophical,adj.,哲學的,,FALSE,FALSE,,FALSE
philosophy,n.,哲學,,FALSE,FALSE,,FALSE
photographic,adj.,攝影的,,FALSE,FALSE,,FALSE
photography,n.,攝影,,FALSE,FALSE,,FALSE
physical,adj.,身體的,,FALSE,FALSE,,FALSE
physician,n.,醫生,,FALSE,FALSE,,FALSE
physicist,n.,物理學家,,FALSE,FALSE,,FALSE
physics,n.,物理,,FALSE,FALSE,,FALSE
pianist,n.,鋼琴家,,FALSE,FALSE,,FALSE
piano,n.,鋼琴,,FALSE,FALSE,,FALSE
pickle,n.,泡菜,,FALSE,FALSE,,FALSE
pickpocket,n.,扒手,,FALSE,FALSE,,FALSE
pickup,n.,撿起,,FALSE,FALSE,,FALSE
pie,n.,餡餅,,FALSE,FALSE,,FALSE
pier,n.,碼頭,,FALSE,FALSE,,FALSE
pilgrim,n.,朝聖,,FALSE,FALSE,,FALSE
pillar,n.,支柱,,FALSE,FALSE,,FALSE
pillow,n.,枕頭,,FALSE,FALSE,,FALSE
pimple,n.,疙瘩,,FALSE,FALSE,,FALSE
portable,adj.,便攜的,,FALSE,FALSE,,FALSE
porter,n.,搬運工,,FALSE,FALSE,,FALSE
portrait,n.,肖像,,FALSE,FALSE,,FALSE
portray,v.,寫真,,FALSE,FALSE,,FALSE
possess,v.,具有,,FALSE,FALSE,,FALSE
possession,n.,擁有,,FALSE,FALSE,,FALSE
possible,adj.,可能的,,FALSE,FALSE,,FALSE
postage,n.,郵資,,FALSE,FALSE,,FALSE
poster,n.,海報,,FALSE,FALSE,,FALSE
potato,n.,馬鈴薯,,FALSE,FALSE,,FALSE
potent,adj.,有力的,,FALSE,FALSE,,FALSE
pottery,n.,陶器,,FALSE,FALSE,,FALSE
poultry,n.,家禽,,FALSE,FALSE,,FALSE
pour,v.,倒,,FALSE,FALSE,,FALSE
poverty,n.,貧困,,FALSE,FALSE,,FALSE
practical,adj.,實際的,,FALSE,FALSE,,FALSE
preach,v.,傳道,,FALSE,FALSE,,FALSE
precede,v.,領先於,,FALSE,FALSE,,FALSE
productive,adj.,富有成效的,,FALSE,FALSE,,FALSE
profession,n.,職業,,FALSE,FALSE,,FALSE
professor,n.,教授,,FALSE,FALSE,,FALSE
proficiency,n.,熟練程度,,FALSE,FALSE,,FALSE
profitable,adj.,有利可圖,,FALSE,FALSE,,FALSE
prohibition,n.,禁止,,FALSE,FALSE,,FALSE
prominent,adj.,著名的,,FALSE,FALSE,,FALSE
promising,adj.,有前途的,,FALSE,FALSE,,FALSE
qualify,v.,有資格,,FALSE,FALSE,,FALSE
promote,v.,推動,,FALSE,FALSE,,FALSE
quality,n.,品質,,FALSE,FALSE,,FALSE
promotion,n.,晉升,,FALSE,FALSE,,FALSE
quantity,n.,數量,,FALSE,FALSE,,FALSE
quarter,n.,四分之一,,FALSE,FALSE,,FALSE
pronounce,v.,發音,,FALSE,FALSE,,FALSE
queen,n.,女王,,FALSE,FALSE,,FALSE
pronunciation,n.,發音,,FALSE,FALSE,,FALSE
queer,adj.,酷兒,,FALSE,FALSE,,FALSE
proof,n.,證明,,FALSE,FALSE,,FALSE
quest,n.,尋求,,FALSE,FALSE,,FALSE
propel,v.,推進,,FALSE,FALSE,,FALSE
questionnaire,n.,調查問卷,,FALSE,FALSE,,FALSE
property,n.,財產,,FALSE,FALSE,,FALSE
quit,v.,辭職,,FALSE,FALSE,,FALSE
proposal,n.,提議,,FALSE,FALSE,,FALSE
quite,adv.,相當,,FALSE,FALSE,,FALSE
prose,n.,散文,,FALSE,FALSE,,FALSE
quiz,n.,測驗,,FALSE,FALSE,,FALSE
prosecute,v.,起訴,,FALSE,FALSE,,FALSE
quota,n.,配額,,FALSE,FALSE,,FALSE
quotation,n.,引述,,FALSE,FALSE,,FALSE
ratio,n.,比率,,FALSE,FALSE,,FALSE
rabbit,n.,兔子,,FALSE,FALSE,,FALSE
rational,adj.,合理的,,FALSE,FALSE,,FALSE
racial,adj.,種族,,FALSE,FALSE,,FALSE
raw,adj.,生的,,FALSE,FALSE,,FALSE
racism,n.,種族主義,,FALSE,FALSE,,FALSE
ray,n.,射線,,FALSE,FALSE,,FALSE
razor,n.,剃刀,,FALSE,FALSE,,FALSE
radar,n.,雷達,,FALSE,FALSE,,FALSE
react,v.,反應,,FALSE,FALSE,,FALSE
reaction,n.,反應,,FALSE,FALSE,,FALSE
radiation,n.,輻射,,FALSE,FALSE,,FALSE
read,v.,讀,,FALSE,FALSE,,FALSE
real,adj.,真實的,,FALSE,FALSE,,FALSE
realism,n.,現實主義,,FALSE,FALSE,,FALSE
realistic,adj.,實際的,,FALSE,FALSE,,FALSE
reality,n.,現實,,FALSE,FALSE,,FALSE
rag,n.,抹布,,FALSE,FALSE,,FALSE
realize,v.,意識到,,FALSE,FALSE,,FALSE
ragged,adj.,衣衫襤褸,,FALSE,FALSE,,FALSE
really,adv.,真的,,FALSE,FALSE,,FALSE
realm,n.,領域,,FALSE,FALSE,,FALSE
rail,n.,軌,,FALSE,FALSE,,FALSE
railroad/railway,n.,鐵路/鐵路,,FALSE,FALSE,,FALSE
rainbow,n.,彩虹,,FALSE,FALSE,,FALSE
reasonable,adj.,合理的,,FALSE,FALSE,,FALSE
raincoat,n.,雨衣,,FALSE,FALSE,,FALSE
reassure,v.,安撫,,FALSE,FALSE,,FALSE
rainfall,n.,雨量,,FALSE,FALSE,,FALSE
rainy,adj.,下雨的,,FALSE,FALSE,,FALSE
rebellion,n.,叛亂,,FALSE,FALSE,,FALSE
raisin,n.,葡萄乾,,FALSE,FALSE,,FALSE
receipt,n.,收據,,FALSE,FALSE,,FALSE
receive,v.,收到,,FALSE,FALSE,,FALSE
receiver,n.,接收者,,FALSE,FALSE,,FALSE
random,adj.,隨機的,,FALSE,FALSE,,FALSE
recent,adj.,最近的,,FALSE,FALSE,,FALSE
recession,n.,經濟衰退,,FALSE,FALSE,,FALSE
rapid,adj.,迅速的,,FALSE,FALSE,,FALSE
rare,adj.,稀有的,,FALSE,FALSE,,FALSE
recite,v.,背誦,,FALSE,FALSE,,FALSE
rat,n.,鼠,,FALSE,FALSE,,FALSE
regime,n.,政權,,FALSE,FALSE,,FALSE
region,n.,地區,,FALSE,FALSE,,FALSE
regional,adj.,區域性的,,FALSE,FALSE,,FALSE
rehearsal,n.,排演,,FALSE,FALSE,,FALSE
reinforce,v.,加強,,FALSE,FALSE,,FALSE
reject,v.,拒絕,,FALSE,FALSE,,FALSE
relate,v.,涉及,,FALSE,FALSE,,FALSE
relation,n.,關係,,FALSE,FALSE,,FALSE
relationship,n.,關係,,FALSE,FALSE,,FALSE
relax,v.,放鬆,,FALSE,FALSE,,FALSE
reliable,adj.,可靠的,,FALSE,FALSE,,FALSE
reliant,adj.,依賴的,,FALSE,FALSE,,FALSE
relic,n.,遺跡,,FALSE,FALSE,,FALSE
relief,n.,寬慰,,FALSE,FALSE,,FALSE
religion,n.,宗教,,FALSE,FALSE,,FALSE
religious,adj.,宗教的,,FALSE,FALSE,,FALSE
rely,v.,依靠,,FALSE,FALSE,,FALSE
remain,v.,保持,,FALSE,FALSE,,FALSE
remainder,n.,餘,,FALSE,FALSE,,FALSE
reunion,n.,團圓,,FALSE,FALSE,,FALSE
revelation,n.,啟示,,FALSE,FALSE,,FALSE
revenue,n.,收入,,FALSE,FALSE,,FALSE
revise,v.,修訂,,FALSE,FALSE,,FALSE
revision,n.,修訂,,FALSE,FALSE,,FALSE
revival,n.,復興,,FALSE,FALSE,,FALSE
revive,v.,復活,,FALSE,FALSE,,FALSE
revolution,n.,革命,,FALSE,FALSE,,FALSE
revolve,v.,圍繞,,FALSE,FALSE,,FALSE
rhetoric,n.,修辭,,FALSE,FALSE,,FALSE
rhythm,n.,韻律,,FALSE,FALSE,,FALSE
rice,n.,米,,FALSE,FALSE,,FALSE
sacred,adj.,神聖,,FALSE,FALSE,,FALSE
rich,adj.,富有的,,FALSE,FALSE,,FALSE
riches,n.,財富,,FALSE,FALSE,,FALSE
sad,adj.,傷心,,FALSE,FALSE,,FALSE
riddle,n.,謎語,,FALSE,FALSE,,FALSE
safety,n.,安全,,FALSE,FALSE,,FALSE
ridiculous,adj.,荒謬的,,FALSE,FALSE,,FALSE
sailor,n.,水手,,FALSE,FALSE,,FALSE
rigid,adj.,死板的,,FALSE,FALSE,,FALSE
salad,n.,沙拉,,FALSE,FALSE,,FALSE
rigorous,adj.,嚴格的,,FALSE,FALSE,,FALSE
sale,n.,銷售,,FALSE,FALSE,,FALSE
